,indifferent,runs_from,running,climbing,eating,foraging,tail_twitches,nearbuilding,neargarden,neargrass,nearpedestrian,nearwater,nearwoods
0,0,0,0,0,0,0,0,False,False,False,False,False,True
1,0,1,1,0,0,0,0,False,False,False,False,True,True
2,0,1,0,1,0,0,0,False,False,True,False,False,False
3,0,0,0,0,0,0,0,False,False,True,False,False,False
4,0,1,0,0,0,1,0,False,False,False,False,True,False
5,0,0,0,0,0,1,0,False,False,False,False,True,True
6,1,0,0,0,0,1,1,False,False,True,False,False,False
7,1,0,0,0,0,1,0,False,False,True,False,False,False
8,0,0,0,0,0,0,1,False,False,False,False,False,True
9,0,0,1,0,0,0,0,False,False,True,False,False,False
10,1,0,0,0,0,0,0,False,True,False,False,False,False
11,1,0,1,0,1,1,0,False,False,False,False,False,True
12,1,0,0,0,0,1,0,False,False,False,False,False,True
13,1,0,0,0,0,0,0,False,False,True,False,False,False
14,1,0,1,0,0,0,0,False,False,False,False,False,True
15,0,1,0,0,0,0,1,False,False,False,False,True,False
16,1,0,1,0,0,1,0,False,False,True,False,False,False
17,0,0,1,0,0,1,0,False,False,False,False,False,True
18,0,0,1,0,0,0,0,False,False,False,False,False,True
19,0,0,0,0,1,1,0,False,False,False,False,True,False
20,0,0,0,0,1,0,0,False,False,True,False,False,False
21,1,0,0,0,1,0,0,True,False,False,False,False,True
22,0,0,0,0,0,0,0,False,False,False,True,False,False
23,1,0,0,0,0,1,0,False,True,False,False,False,False
24,1,0,0,0,1,0,0,False,True,False,False,False,False
25,0,1,1,1,0,0,0,False,False,True,False,False,False
26,1,0,0,0,0,1,0,False,False,False,False,True,False
27,0,0,0,1,0,0,0,False,False,True,False,False,False
28,1,0,0,0,0,1,0,False,False,False,False,True,False
29,0,0,0,1,1,0,0,False,False,True,False,False,False
30,0,0,1,0,0,0,1,False,False,False,False,False,True
31,1,0,1,0,0,1,0,False,False,False,False,False,True
32,1,0,0,0,1,0,0,False,False,False,False,False,True
33,0,0,0,0,0,0,1,False,True,False,False,False,False
34,1,0,0,0,0,1,0,False,False,False,False,False,True
35,1,0,0,0,0,1,1,False,False,False,False,False,True
36,1,0,0,0,1,1,0,False,False,False,False,True,True
37,1,0,0,1,0,0,0,False,False,False,False,True,False
38,0,0,0,0,0,0,0,False,False,False,False,True,False
39,1,0,0,0,0,1,1,False,False,True,False,False,False
40,1,0,0,0,1,1,0,False,False,False,False,False,True
41,1,0,0,0,0,1,0,False,False,True,False,False,True
42,1,0,0,0,0,1,0,False,False,False,False,True,False
43,0,1,0,0,0,0,0,False,False,False,False,True,False
44,0,0,1,0,1,1,1,False,False,True,False,False,False
45,1,0,1,0,0,0,0,False,False,False,False,False,True
46,0,1,1,0,0,0,0,False,False,False,False,True,False
47,0,1,1,0,0,0,0,False,False,False,False,False,True
48,0,0,0,1,0,0,0,False,False,True,False,False,True
49,0,1,1,0,0,1,0,False,False,False,False,False,True
50,1,0,0,0,0,1,0,False,False,True,False,False,True
51,0,0,0,1,0,0,0,False,False,True,False,False,False
52,0,0,0,0,0,0,0,False,False,False,False,False,True
53,1,0,0,0,0,1,0,False,False,False,False,False,True
54,0,1,1,0,0,1,0,False,False,False,False,False,True
55,1,0,0,0,0,0,0,False,True,False,False,False,False
56,1,0,0,1,0,1,0,False,False,False,True,False,False
57,0,1,0,0,0,0,0,False,False,True,False,False,False
58,1,0,0,1,0,0,0,False,False,False,True,False,False
59,0,0,0,0,0,1,0,False,False,False,False,False,True
60,0,1,0,1,0,0,0,False,False,False,False,False,True
61,1,0,0,0,0,1,0,False,False,True,False,False,False
62,1,0,0,0,1,0,0,False,False,True,False,False,False
63,0,1,1,0,0,0,0,False,False,False,False,True,False
64,0,1,0,0,0,1,0,False,False,False,False,False,True
65,0,1,1,0,1,0,1,False,False,False,False,True,False
66,0,1,1,0,0,0,1,False,True,False,False,False,False
67,0,0,0,1,0,0,0,False,False,True,False,False,False
68,1,0,0,0,0,1,1,False,False,False,False,True,True
69,0,0,0,1,0,0,0,False,False,False,False,False,True
70,0,0,1,0,0,0,0,False,False,False,False,False,True
71,0,0,0,0,0,1,0,False,False,True,False,False,False
72,0,0,1,0,0,1,0,False,False,False,False,True,False
73,0,1,0,0,0,1,0,False,False,False,False,True,True
74,0,1,0,0,0,1,0,False,False,True,False,False,True
75,1,0,0,0,0,1,1,False,False,True,False,False,True
76,1,0,0,0,1,1,0,False,False,False,False,True,True
77,0,1,1,1,1,0,0,False,False,False,False,False,True
78,0,0,0,0,0,1,0,False,False,False,False,True,True
79,0,0,0,1,0,0,0,False,False,False,False,True,False
80,1,1,0,0,0,1,0,False,False,True,False,False,True
81,0,0,0,0,1,0,1,False,True,False,False,False,False
82,1,0,0,1,0,0,0,False,False,False,False,True,True
83,1,0,0,0,0,1,0,False,False,False,False,False,True
84,1,0,1,0,0,0,0,False,False,False,True,False,False
85,1,0,0,0,0,1,0,False,False,False,False,False,True
86,1,1,0,1,0,0,0,False,False,True,False,False,False
87,0,0,0,0,0,0,0,False,False,False,False,False,True
88,1,0,0,0,0,1,0,False,False,True,False,False,False
89,1,0,1,0,0,0,0,False,False,True,False,False,False
90,1,0,0,0,0,1,0,False,False,False,False,True,True
91,0,0,0,0,1,1,0,False,False,False,False,False,True
92,1,0,0,0,0,1,1,False,True,False,False,True,False
93,1,0,0,0,1,0,0,False,False,False,True,False,False
94,0,1,0,0,1,0,0,True,False,False,False,False,False
95,1,0,0,0,0,1,1,False,False,False,False,True,True
96,1,0,0,0,1,1,1,False,False,True,False,False,False
97,0,0,0,0,0,1,0,False,False,True,False,False,False
98,1,0,0,0,0,1,0,False,False,True,False,False,False
99,1,0,0,0,1,1,1,False,False,False,False,False,True
100,1,0,0,1,0,0,0,False,False,False,False,True,False
101,0,1,1,0,0,0,0,False,False,True,False,False,False
102,0,0,1,0,0,0,1,False,False,False,False,False,True
103,0,0,0,0,0,0,0,False,False,True,False,False,False
104,1,0,0,0,0,1,1,False,False,False,False,True,True
105,0,0,1,0,0,1,1,False,False,True,False,False,False
106,0,1,0,0,0,1,0,False,False,False,False,False,True
107,1,0,0,0,0,1,0,False,False,True,False,False,False
108,1,0,1,0,0,1,1,False,False,False,False,False,True
109,0,0,0,1,0,0,0,False,False,True,False,False,False
110,0,0,0,0,0,0,0,False,False,False,False,False,True
111,1,0,0,0,0,1,0,False,False,True,False,False,False
112,1,0,0,0,0,1,0,False,False,True,False,False,False
113,0,1,0,0,0,1,0,False,False,False,False,True,False
114,0,0,0,0,0,1,0,False,False,True,False,False,False
115,1,0,1,1,1,0,0,False,False,True,False,False,False
116,1,0,0,0,0,1,0,False,False,False,False,True,False
117,0,1,0,0,1,1,0,False,False,False,False,False,True
118,0,1,0,0,0,1,0,False,False,True,False,False,False
119,1,0,0,0,0,1,0,False,False,False,False,True,False
120,1,0,0,1,0,0,0,False,False,True,False,False,False
121,1,0,0,0,0,1,0,False,False,False,False,True,False
122,0,1,1,0,0,0,1,False,False,False,True,False,False
123,1,0,0,0,0,1,0,False,False,False,False,False,True
124,0,0,0,1,0,0,0,True,False,False,False,False,False
125,1,0,0,0,0,1,0,False,True,False,False,True,False
126,1,0,0,0,0,1,1,False,False,False,False,True,False
127,0,0,0,0,1,0,0,False,False,False,False,True,True
128,0,0,0,1,1,0,0,False,False,False,False,True,False
129,1,0,0,0,0,1,0,True,False,False,False,False,True
130,0,0,0,0,1,0,0,False,False,True,False,False,False
131,0,1,1,0,0,0,0,False,False,False,False,True,False
132,1,0,0,0,0,1,0,False,False,False,False,True,False
133,0,0,0,0,0,1,0,False,False,False,False,True,True
134,1,0,0,0,0,0,0,False,False,False,False,True,False
135,0,1,1,0,0,0,0,False,False,True,False,False,True
136,1,0,0,0,0,1,0,False,False,True,False,False,False
137,0,0,1,0,0,1,0,False,False,True,False,False,False
138,0,0,0,1,0,1,0,False,False,True,False,False,False
139,0,1,0,0,1,1,0,False,False,True,False,False,False
140,1,0,0,0,0,0,0,False,False,False,False,False,True
141,1,0,0,0,0,1,1,False,False,False,False,True,False
142,0,0,1,1,0,0,0,True,False,False,False,False,False
143,0,1,0,0,1,0,0,False,True,False,False,False,False
144,1,0,0,1,0,1,0,False,False,True,False,False,False
145,1,0,1,1,1,1,0,False,True,False,False,False,False
146,0,0,1,0,0,0,0,False,False,False,False,True,False
147,0,1,0,0,1,0,0,False,False,False,False,False,True
148,1,0,0,0,1,1,0,False,False,True,False,False,False
149,0,1,0,1,0,1,0,False,False,False,False,False,True
150,0,1,0,0,0,1,0,False,False,True,False,False,False
151,0,0,0,1,0,0,0,False,False,False,False,True,False
152,1,0,0,0,1,0,0,False,True,False,False,True,False
153,1,0,0,1,0,0,0,False,False,True,False,False,False
154,0,0,0,0,0,0,0,False,False,True,False,False,False
155,0,1,0,0,0,1,0,False,True,False,False,False,False
156,1,0,1,0,0,0,0,False,False,True,False,False,False
157,1,0,0,1,0,0,0,False,False,False,False,True,True
158,0,0,0,0,1,1,0,False,False,False,False,False,True
159,1,0,0,0,1,1,0,False,False,False,False,False,True
160,0,0,0,0,0,0,0,False,False,False,False,False,True
161,0,1,0,0,0,1,0,False,False,True,False,False,True
162,1,0,0,0,1,0,0,False,True,False,False,False,False
163,1,0,0,1,1,0,0,False,False,False,False,True,False
164,1,0,0,0,0,1,0,False,False,False,True,False,False
165,1,0,0,0,0,1,0,False,False,False,False,False,True
166,0,0,0,0,0,0,1,False,False,False,False,False,True
167,1,0,0,0,1,0,0,False,False,False,False,False,True
168,1,0,1,1,0,0,0,False,True,False,False,False,False
169,0,1,0,1,1,1,0,False,False,True,False,False,False
170,1,0,0,0,1,1,1,False,True,False,False,True,False
171,1,0,0,0,0,1,0,False,False,True,False,False,False
172,0,0,0,0,0,0,0,False,False,False,False,False,True
173,1,0,0,0,0,1,0,False,False,True,False,False,False
174,0,0,0,0,0,1,0,False,False,True,False,False,True
175,0,1,0,0,1,1,0,True,False,False,False,False,False
176,0,0,0,0,1,0,1,False,False,True,False,False,False
177,0,0,0,0,1,0,0,False,False,False,False,False,True
178,0,1,1,0,0,0,0,False,False,False,False,False,True
179,0,0,0,0,1,0,0,False,False,True,False,False,False
180,1,0,0,0,0,0,0,False,False,False,False,True,False
181,0,1,1,0,0,0,0,False,False,True,False,False,False
182,1,0,0,0,0,1,0,False,False,False,False,False,True
183,0,1,0,0,0,1,0,False,False,True,False,False,False
184,0,1,0,0,1,1,0,False,False,False,False,True,False
185,1,0,0,0,0,1,0,False,False,False,False,False,True
186,1,0,0,0,1,0,0,False,False,True,False,False,False
187,1,0,1,0,0,0,0,True,False,True,False,False,True
188,1,0,0,0,1,1,0,False,False,False,False,False,True
189,0,1,0,0,1,0,0,False,False,False,False,False,True
190,1,0,1,1,0,0,0,False,False,True,False,False,False
191,0,1,1,0,0,0,0,False,False,False,False,True,False
192,0,1,0,0,0,1,0,False,False,False,False,True,False
193,0,1,0,1,0,0,0,False,True,False,False,False,False
194,0,1,0,0,0,1,1,False,False,False,False,True,False
195,1,0,0,0,1,1,0,False,False,False,True,True,False
196,0,0,0,0,1,1,0,False,False,False,False,False,True
197,0,0,0,0,0,1,0,False,False,False,False,True,True
198,1,0,0,0,0,1,0,False,False,False,False,True,True
199,1,0,0,0,0,0,0,False,True,False,False,False,False
200,1,0,0,0,1,1,0,False,False,False,False,True,False
201,0,0,0,1,0,0,0,False,False,False,False,False,True
202,0,1,0,0,0,0,1,False,False,True,False,False,False
203,1,0,0,0,1,1,0,False,False,False,False,True,False
204,1,0,0,0,0,1,0,True,False,False,True,False,False
205,1,0,0,1,0,0,0,False,False,False,False,True,False
206,0,0,0,0,0,1,0,False,False,True,False,False,False
207,0,0,0,0,0,0,0,False,False,False,False,True,True
208,0,0,0,1,0,0,0,False,False,True,False,False,True
209,1,0,0,0,0,1,0,False,False,False,True,False,False
210,0,0,1,1,0,0,0,False,False,True,False,False,False
211,1,0,0,0,0,1,0,False,False,False,False,False,True
212,0,0,1,1,1,0,0,False,False,True,False,False,False
213,0,0,0,1,0,0,0,False,False,True,False,False,False
214,1,0,1,0,0,0,0,False,False,True,False,False,False
215,0,1,0,0,1,1,1,False,False,False,False,True,True
216,1,0,1,0,0,0,0,False,False,True,False,False,False
217,1,0,0,0,1,0,0,False,False,True,False,False,False
218,1,0,0,1,0,0,1,False,False,True,True,False,False
219,0,1,1,0,1,0,1,False,False,True,False,False,False
220,0,0,0,0,1,0,0,False,True,True,False,False,False
221,0,1,0,0,1,1,0,False,False,True,False,False,False
222,0,1,0,1,0,1,0,False,False,False,False,False,True
223,0,1,1,0,0,0,0,False,False,False,False,False,True
224,0,0,0,0,0,0,1,False,False,False,False,True,False
225,0,1,0,1,0,0,0,False,False,True,False,False,False
226,0,0,0,0,0,1,0,False,True,True,False,False,False
227,0,0,0,0,0,0,0,False,False,False,False,True,True
228,0,0,1,0,0,0,0,False,False,False,False,False,True
229,1,0,0,0,1,0,0,False,False,False,False,True,False
230,0,0,0,0,0,1,0,False,False,True,False,False,False
231,1,0,0,0,0,1,0,False,False,True,False,False,False
232,0,0,1,0,0,1,0,False,False,False,False,False,True
233,0,0,0,1,0,0,0,False,False,True,False,False,True
234,0,1,1,1,0,1,0,False,False,True,False,False,False
235,0,1,1,0,0,1,1,False,False,True,False,False,False
236,1,0,1,0,1,1,0,False,False,True,False,False,True
237,0,1,1,0,1,0,0,False,False,False,False,False,True
238,1,1,0,0,0,1,0,False,False,False,False,True,False
239,0,0,1,0,0,0,0,False,False,False,False,False,True
240,0,0,1,0,0,1,0,False,True,False,False,False,False
241,1,0,0,1,0,0,0,False,False,False,False,True,True
242,1,1,0,1,0,0,0,False,False,False,False,False,True
243,0,0,0,0,1,0,0,False,True,False,False,False,False
244,1,0,0,0,1,1,0,False,False,True,False,False,False
245,1,0,0,0,0,1,0,False,True,False,False,False,False
246,1,0,1,0,0,0,0,False,False,False,False,True,False
247,1,0,0,1,0,0,0,True,False,False,False,False,False
248,1,0,1,0,1,1,0,False,False,False,False,False,True
249,0,0,0,0,0,0,0,False,False,True,False,False,False
250,0,1,1,0,0,0,0,False,False,False,False,True,False
251,0,0,0,0,0,1,0,False,True,False,False,False,False
252,0,0,0,0,1,1,0,False,False,True,False,False,False
253,1,0,1,0,0,0,0,False,False,False,False,True,False
254,1,0,0,0,0,1,0,True,False,False,False,False,False
255,1,0,0,1,0,0,0,False,False,False,True,False,False
256,0,0,1,0,0,1,0,False,False,False,False,True,False
257,1,0,0,0,0,1,0,False,False,False,False,True,True
258,1,0,0,1,0,0,0,True,False,False,False,False,False
259,1,0,0,0,1,0,0,False,False,True,False,True,False
260,1,0,0,0,0,1,0,False,False,False,False,True,True
261,1,0,1,0,0,0,0,False,False,False,True,False,False
262,1,0,1,0,0,0,0,False,False,False,True,False,False
263,1,0,0,0,1,1,0,False,False,True,False,False,False
264,1,0,0,0,1,0,0,False,False,False,False,False,True
265,0,0,0,1,1,0,1,True,False,False,False,False,False
266,1,0,0,0,0,1,0,False,False,False,False,True,True
267,1,0,0,0,0,1,0,False,False,False,False,False,True
268,1,0,1,0,0,0,0,False,False,False,False,True,True
269,0,1,0,1,0,1,0,False,False,False,False,False,True
270,0,0,0,0,0,0,0,True,False,False,False,False,False
271,1,0,0,0,0,1,0,False,True,False,False,False,False
272,1,0,0,0,0,1,0,False,False,False,False,False,True
273,0,0,0,0,0,1,0,False,False,False,False,False,True
274,0,0,0,0,0,0,0,False,True,False,False,False,False
275,0,0,1,0,0,0,0,False,False,False,False,True,True
276,1,0,0,0,0,1,0,False,False,False,False,False,True
277,0,0,1,0,0,0,0,False,False,False,False,False,True
278,1,0,0,0,0,1,0,False,False,False,False,True,False
279,1,0,0,0,0,0,0,False,False,True,False,False,False
280,1,0,0,0,0,1,1,False,False,True,False,False,False
281,1,0,0,0,0,1,0,False,True,False,False,False,False
282,1,0,0,0,0,1,0,False,True,False,False,False,False
283,0,0,1,0,0,0,0,False,False,False,False,False,True
284,0,0,0,1,0,1,0,False,False,False,False,False,True
285,1,0,0,0,1,0,0,False,False,False,True,True,False
286,1,0,1,0,0,0,0,False,False,True,False,False,False
287,0,0,0,0,0,0,0,False,False,False,False,False,True
288,0,1,1,0,1,0,0,False,False,False,False,True,True
289,0,0,0,0,0,1,0,True,False,False,False,True,False
290,0,1,0,0,0,0,0,False,False,True,False,False,False
291,0,1,1,1,0,1,0,False,True,False,False,False,False
292,1,0,0,1,1,0,0,False,False,True,False,True,False
293,0,1,0,1,0,0,1,False,False,True,False,False,False
294,0,1,0,0,0,1,0,True,False,True,False,False,False
295,1,0,0,1,0,1,1,False,False,False,False,True,True
296,0,1,0,1,0,0,0,False,False,False,False,True,False
297,0,1,0,1,0,0,1,True,False,False,False,False,False
298,0,0,0,0,0,0,0,False,False,False,False,False,True
299,0,0,0,0,0,1,0,False,False,False,False,True,False
300,1,0,0,0,1,1,0,False,False,True,False,False,False
301,0,0,1,0,0,0,0,False,False,False,False,False,True
302,1,0,0,1,0,0,0,False,False,False,False,False,True
303,0,0,1,0,0,0,0,False,False,True,False,False,False
304,1,0,0,0,1,0,0,False,False,False,False,True,True
305,1,0,1,1,0,0,0,False,False,False,False,True,False
306,0,1,0,0,0,0,0,False,False,True,False,False,False
307,0,1,1,0,0,0,0,False,False,False,False,True,False
308,1,0,0,1,1,0,0,False,False,False,False,False,True
309,1,0,0,1,0,0,0,True,False,False,False,False,True
310,1,0,0,0,0,0,0,False,False,True,False,False,False
311,0,1,1,0,0,0,0,False,False,False,False,False,True
312,0,0,0,0,0,1,1,False,False,True,False,False,False
313,1,0,0,0,0,1,0,False,False,False,False,False,True
314,1,0,0,1,0,0,0,False,False,True,False,False,False
315,0,1,0,0,1,1,0,True,False,True,False,False,False
316,1,0,0,0,0,1,0,False,False,False,False,True,False
317,1,0,1,0,0,0,0,False,False,False,False,True,True
318,1,0,0,0,0,1,0,False,False,False,False,False,True
319,0,1,0,0,0,1,0,False,False,False,False,False,True
320,1,0,0,0,0,1,1,False,False,True,False,False,False
321,0,1,1,0,0,0,1,False,False,False,False,False,True
322,0,1,0,0,0,1,1,False,False,False,False,True,True
323,1,0,0,0,0,0,0,False,False,False,True,False,False
324,0,1,1,1,0,0,0,False,False,False,False,False,True
325,1,0,1,0,0,1,0,False,False,False,False,True,True
326,0,1,0,0,0,1,0,False,False,False,False,False,True
327,1,0,0,0,0,1,0,False,False,False,False,False,True
328,1,0,0,0,0,1,0,False,False,False,False,False,True
329,0,0,1,1,0,0,1,False,False,False,False,False,True
330,0,0,1,0,0,1,0,False,False,False,False,False,True
331,1,0,0,0,0,1,0,False,False,False,False,False,True
332,1,0,0,1,0,0,0,False,False,True,False,False,False
333,1,0,1,1,0,0,0,False,True,False,False,False,False
334,1,0,0,0,0,1,0,False,False,False,False,True,True
335,1,0,0,0,1,0,0,False,False,True,False,False,True
336,0,0,0,0,1,0,0,False,False,True,False,False,False
337,1,0,1,0,0,0,0,False,False,False,False,True,False
338,1,0,0,0,1,0,0,False,False,False,False,True,False
339,0,0,0,0,1,0,0,False,False,False,False,False,True
340,0,1,0,0,1,0,0,False,False,False,False,False,True
341,0,1,1,0,0,0,0,False,False,False,False,True,False
342,1,0,0,0,1,0,0,False,False,False,False,False,True
343,1,0,0,0,1,0,0,True,False,False,False,False,False
344,0,0,0,1,0,0,1,False,False,True,True,False,False
345,0,0,0,0,1,0,0,False,False,False,False,False,True
346,1,0,0,0,0,1,0,False,False,False,False,True,True
347,0,1,0,1,0,0,0,False,False,True,False,False,False
348,0,0,0,0,0,0,0,False,False,False,False,True,False
349,1,0,0,0,1,1,1,False,False,True,False,False,False
350,0,0,0,0,0,0,0,False,False,False,True,False,False
351,0,1,0,1,0,1,0,False,False,False,False,True,False
352,0,1,1,0,0,0,0,False,True,True,False,False,False
353,1,0,0,0,0,0,0,False,False,False,False,True,True
354,1,0,0,0,0,1,0,False,False,True,False,False,True
355,0,0,0,0,1,0,0,False,False,False,True,False,False
356,0,0,0,0,0,1,1,False,False,True,False,False,False
357,1,0,0,0,0,0,0,False,False,False,False,False,True
358,1,0,0,0,0,1,0,False,False,True,False,True,False
359,0,0,0,0,0,0,0,False,False,True,False,False,False
360,1,0,0,0,0,1,0,True,False,False,False,False,False
361,1,0,0,0,0,0,0,False,False,False,False,False,True
362,1,0,0,0,0,1,0,False,False,False,False,False,True
363,0,1,0,0,1,0,0,False,False,True,False,False,False
364,1,0,1,0,1,0,0,False,False,True,False,False,False
365,0,1,0,0,0,1,0,False,False,True,False,False,False
366,0,1,1,0,0,0,0,False,False,False,False,True,False
367,0,0,0,1,0,1,0,False,False,True,False,False,False
368,1,0,0,0,0,1,0,False,False,False,False,False,True
369,0,1,0,0,0,0,0,False,False,True,False,False,False
370,0,1,0,0,1,0,0,False,False,False,False,False,True
371,0,1,0,0,0,0,0,False,False,False,False,True,False
372,0,0,0,1,0,0,0,False,False,False,False,False,True
373,0,0,0,0,1,0,0,False,False,False,False,True,True
374,1,0,0,0,0,1,0,False,False,False,False,True,False
375,0,0,0,1,0,0,0,False,False,True,False,False,False
376,1,0,0,0,0,1,0,False,False,False,False,False,True
377,1,0,0,0,1,1,1,False,False,False,False,True,True
378,0,0,0,0,0,0,0,False,False,True,False,False,False
379,0,0,0,0,1,0,0,False,False,False,False,True,True
380,0,0,0,1,0,0,1,False,False,False,False,True,False
381,0,1,0,0,0,1,0,False,False,False,False,True,True
382,1,0,0,1,0,1,0,False,False,False,False,False,True
383,0,1,0,0,1,0,1,False,False,False,True,False,False
384,0,1,0,0,0,1,0,False,False,True,False,False,True
385,1,0,0,0,0,1,1,False,False,True,False,False,False
386,1,0,0,0,0,0,0,False,False,False,False,False,True
387,1,0,0,1,0,0,0,False,False,False,False,False,True
388,0,1,0,0,1,1,0,False,True,False,False,False,False
389,0,0,0,0,0,1,0,False,False,False,False,False,True
390,1,0,0,0,0,1,0,False,False,False,False,True,True
391,0,0,0,1,0,0,0,False,False,False,False,False,True
392,0,0,0,1,0,1,0,False,True,False,False,False,False
393,0,1,0,1,0,0,0,False,False,False,False,True,False
394,1,0,0,0,1,0,1,True,False,False,False,False,False
395,1,0,0,0,1,0,1,True,False,True,False,False,False
396,1,0,0,0,0,1,0,False,False,True,False,False,False
397,1,0,0,0,0,0,0,False,False,True,False,False,False
398,0,0,1,0,1,0,0,False,False,True,False,False,False
399,1,0,0,0,1,0,0,False,False,False,False,False,True
400,0,0,0,1,0,0,0,False,False,False,False,False,True
401,1,0,0,0,0,1,0,False,False,True,False,False,False
402,0,1,1,0,0,0,0,False,False,False,False,True,True
403,1,0,1,0,1,1,0,False,False,False,False,False,True
404,0,0,0,0,0,0,0,False,False,False,False,False,True
405,1,0,0,0,1,1,0,False,False,False,False,False,True
406,1,0,0,0,0,1,0,False,False,False,False,True,True
407,0,0,0,0,1,1,0,False,False,False,False,True,False
408,1,0,0,0,0,1,0,False,False,False,False,False,True
409,1,0,0,1,0,0,0,False,False,True,False,False,False
410,0,1,1,0,1,1,1,False,True,False,False,False,False
411,0,0,0,1,0,0,0,False,False,True,False,False,False
412,0,0,0,0,1,1,0,False,False,False,False,True,False
413,1,0,0,1,0,0,0,False,True,False,False,False,False
414,1,0,0,0,0,1,1,True,False,False,False,False,False
415,0,1,1,0,1,0,0,False,False,False,False,False,True
416,1,1,1,0,1,1,0,False,False,True,False,False,False
417,1,0,0,0,0,1,0,False,False,True,False,False,False
418,0,0,0,1,0,0,0,False,False,False,False,False,True
419,0,0,1,0,0,0,0,False,True,True,False,False,True
420,1,0,0,0,0,0,0,False,True,True,False,False,False
421,0,0,1,0,0,0,0,False,False,True,False,False,False
422,0,1,1,0,0,0,0,False,False,False,False,False,True
423,1,0,0,0,0,1,0,False,False,False,False,False,True
424,1,0,0,0,0,1,0,False,False,True,False,False,False
425,0,0,1,0,0,1,0,True,False,False,False,False,False
426,0,1,1,0,0,0,0,False,False,False,False,False,True
427,0,1,1,0,0,0,1,False,False,True,False,False,False
428,0,0,0,0,1,0,0,False,False,True,False,False,False
429,1,0,0,0,0,0,0,False,False,False,False,False,True
430,0,1,0,0,1,0,0,True,False,False,False,False,False
431,1,0,0,0,1,0,1,False,False,True,False,False,False
432,1,0,0,0,0,0,0,False,False,True,False,False,False
433,1,0,0,0,1,0,0,False,False,False,False,True,False
434,0,1,0,0,0,0,0,False,True,False,False,False,False
435,1,0,0,0,0,1,0,False,False,False,False,True,True
436,1,0,0,0,1,1,0,False,False,True,False,False,False
437,1,0,0,1,0,0,0,False,False,False,True,False,False
438,0,0,0,0,1,1,1,False,False,True,False,False,False
439,0,1,1,0,1,1,0,False,False,False,False,False,True
440,1,0,0,0,0,1,0,False,False,True,False,False,True
441,1,0,0,0,0,0,0,True,False,False,False,False,False
442,1,0,0,0,0,1,1,False,False,False,False,False,True
443,1,0,1,0,1,1,0,False,False,False,False,False,True
444,1,0,0,0,0,1,0,False,False,False,False,False,True
445,0,0,1,0,0,0,0,False,False,True,False,False,False
446,1,0,0,1,0,0,0,False,False,True,False,False,False
447,0,0,0,1,0,0,0,False,False,False,False,False,True
448,1,0,1,0,1,1,1,False,False,True,False,False,False
449,1,0,0,0,1,0,0,False,False,False,False,True,True
450,1,0,0,0,1,1,0,False,False,False,False,True,True
451,1,0,0,0,1,0,0,False,False,True,False,False,False
452,0,0,1,0,0,1,0,False,False,True,False,False,False
453,0,0,0,1,0,0,0,False,False,True,False,False,False
454,0,1,0,1,1,1,0,False,False,False,False,True,False
455,1,0,0,0,0,1,0,False,False,True,False,False,False
456,0,0,1,0,0,0,0,False,False,True,False,False,False
457,1,0,0,1,1,0,0,True,False,False,False,True,True
458,0,0,0,1,0,0,0,False,False,False,False,True,False
459,0,0,0,0,1,0,0,False,False,False,False,False,True
460,1,0,0,1,0,0,0,False,False,True,False,False,False
461,0,0,0,1,0,0,0,False,False,True,False,True,True
462,1,0,0,0,0,1,0,False,False,True,True,False,False
463,1,0,1,0,1,1,0,False,True,False,False,False,False
464,1,0,0,1,0,0,0,False,False,True,False,False,False
465,1,0,0,0,0,1,0,False,False,True,False,False,False
466,0,1,0,0,0,1,0,False,False,True,False,False,False
467,0,1,0,0,0,1,0,False,False,False,False,True,False
468,0,1,1,1,0,0,0,False,False,False,False,False,True
469,1,0,0,0,1,0,0,False,False,False,False,True,True
470,0,0,1,1,0,0,0,False,False,False,False,True,True
471,1,0,0,1,1,1,0,False,False,False,True,False,False
472,1,0,0,0,0,1,0,False,False,False,False,False,True
473,0,0,0,0,0,0,0,False,False,True,False,False,False
474,1,0,1,0,0,0,0,False,False,False,False,False,True
475,1,0,0,0,0,1,0,False,True,False,False,False,False
476,1,0,1,0,0,0,0,False,False,False,False,False,True
477,0,0,0,0,0,1,0,False,False,False,False,True,True
478,0,1,0,1,0,0,0,False,False,False,False,True,True
479,1,0,0,0,0,1,0,False,False,True,False,False,True
480,1,0,0,0,0,0,0,True,False,False,False,False,False
481,1,0,0,0,1,0,0,False,False,False,False,False,True
482,0,1,0,0,1,0,0,False,False,True,False,False,False
483,1,0,0,0,0,1,0,False,False,False,False,True,True
484,1,0,0,0,0,1,0,False,False,True,False,False,False
485,1,0,0,0,0,0,0,False,False,False,False,False,True
486,1,0,0,0,0,1,0,False,False,False,False,False,True
487,0,0,1,0,0,1,0,False,False,True,False,False,False
488,0,0,0,0,0,1,0,False,False,False,False,True,True
489,1,0,0,0,0,1,0,False,False,False,False,False,True
490,0,1,0,1,0,1,0,False,False,False,False,True,False
491,1,0,0,1,0,0,0,False,False,False,False,False,True
492,1,0,0,0,0,1,0,False,False,False,False,False,True
493,0,1,1,1,0,0,1,False,False,True,False,False,False
494,0,0,0,1,0,0,0,False,True,False,False,False,False
495,0,1,0,0,0,1,1,False,False,False,False,True,False
496,0,1,0,0,1,0,0,False,False,True,False,False,False
497,0,0,0,0,1,1,0,False,False,False,False,True,True
498,1,0,0,0,0,1,0,False,False,False,False,False,True
499,0,0,0,0,0,0,0,False,True,True,False,False,False
500,0,0,0,1,1,0,0,False,False,False,True,False,False
501,1,0,0,0,0,1,0,False,False,True,False,False,False
502,1,0,0,0,1,0,1,False,False,False,False,False,True
503,0,0,0,1,0,0,0,False,True,False,False,False,False
504,1,0,0,0,0,1,0,False,False,True,False,False,False
505,0,1,0,1,0,0,0,False,False,False,False,True,False
506,0,0,1,0,1,1,1,False,False,True,False,False,False
507,0,0,0,0,0,1,0,False,False,True,False,False,False
508,1,0,0,0,0,0,0,True,False,True,False,False,False
509,1,0,0,0,1,1,1,False,False,False,False,False,True
510,0,0,0,0,1,1,0,False,False,False,False,True,True
511,1,0,0,0,0,1,0,False,False,False,True,False,False
512,1,0,0,0,1,0,0,False,False,False,False,True,True
513,0,0,0,1,0,0,0,False,False,True,False,False,False
514,1,0,0,0,0,1,0,False,False,True,False,False,True
515,0,0,0,0,0,1,0,False,True,True,False,False,False
516,0,0,1,0,0,0,0,False,False,False,False,False,True
517,1,0,1,0,0,0,1,False,False,True,False,False,True
518,1,0,1,0,0,0,0,False,False,False,False,True,True
519,1,0,0,0,0,1,0,False,False,False,False,True,True
520,0,1,1,0,0,0,0,False,False,True,False,False,True
521,0,0,1,1,0,1,0,False,False,True,False,False,False
522,0,1,0,1,0,0,0,False,False,True,False,False,False
523,1,0,0,1,0,0,0,False,False,False,False,False,True
524,0,0,0,0,0,0,0,False,False,True,False,False,False
525,1,0,0,0,0,1,0,False,False,False,False,True,False
526,0,0,1,0,0,0,0,False,False,True,False,False,False
527,1,0,0,1,0,1,0,False,False,False,False,True,False
528,0,0,0,0,0,1,0,False,False,True,False,False,True
529,1,0,0,0,1,1,0,False,True,False,False,False,False
530,1,0,0,0,1,1,0,False,False,False,False,True,True
531,0,1,0,0,0,1,0,False,False,False,False,True,False
532,0,1,1,1,0,0,0,False,False,False,False,False,True
533,0,0,0,1,0,0,0,False,False,True,False,False,False
534,1,0,0,0,0,0,0,False,False,True,False,False,False
535,0,0,0,1,0,0,0,False,False,False,False,False,True
536,1,0,0,0,1,1,0,False,True,True,False,False,False
537,1,0,0,0,0,1,0,False,False,False,False,False,True
538,0,1,0,0,1,0,0,False,False,True,False,False,False
539,0,0,0,0,0,0,0,False,False,False,False,True,False
540,1,0,1,0,1,0,0,False,False,False,False,False,True
541,0,1,0,0,0,1,1,False,False,True,False,False,False
542,0,1,1,0,0,0,0,False,False,False,False,True,True
543,1,0,0,0,0,1,0,False,False,True,False,False,False
544,0,0,0,1,0,0,0,True,False,False,False,False,True
545,1,0,1,1,0,0,0,False,True,False,False,False,False
546,1,0,0,0,0,1,0,False,True,True,False,False,False
547,1,0,0,0,1,0,0,False,False,True,False,False,False
548,0,1,0,0,1,0,0,False,False,False,False,False,True
549,0,0,0,0,0,1,0,False,False,False,False,True,True
550,1,0,0,1,1,0,0,False,False,False,False,False,True
551,0,0,0,0,1,0,0,False,False,True,False,False,False
552,1,0,0,0,0,1,0,False,True,False,False,False,False
553,0,0,1,0,0,0,0,False,False,True,False,False,False
554,0,0,1,0,0,0,0,False,False,False,False,True,False
555,1,0,0,0,0,1,0,False,False,True,False,False,False
556,1,0,0,0,0,1,0,False,True,False,False,False,False
557,1,0,0,0,1,1,0,False,False,False,False,True,True
558,0,1,0,0,0,1,0,False,False,False,False,False,True
559,1,0,1,0,0,1,0,False,False,True,False,False,False
560,0,0,0,1,0,0,0,False,False,True,False,False,False
561,0,0,0,0,0,0,0,False,False,True,False,False,False
562,1,0,0,1,0,1,0,False,True,True,False,False,False
563,0,1,0,0,0,1,0,False,True,True,False,False,False
564,0,0,0,0,1,1,0,False,True,False,False,False,False
565,0,0,0,0,0,1,0,False,False,False,False,True,True
566,0,1,1,0,0,0,0,False,False,False,False,True,True
567,1,0,0,0,0,1,0,False,False,False,False,False,True
568,1,0,0,0,0,1,0,False,False,False,False,True,False
569,0,0,0,0,0,0,0,False,False,True,False,False,True
570,0,1,0,0,1,0,0,False,False,False,False,True,True
571,0,0,0,1,0,0,0,False,False,True,False,False,True
572,0,0,0,0,0,1,1,False,False,True,False,False,True
573,0,1,0,1,0,0,0,False,False,False,False,False,True
574,0,1,1,0,0,0,1,False,False,True,False,False,False
575,0,0,0,0,0,1,0,False,False,False,False,True,False
576,0,1,0,1,1,0,0,False,False,False,False,False,True
577,1,0,0,0,0,1,0,False,False,True,False,False,False
578,1,0,1,0,0,0,0,False,False,False,True,False,False
579,0,0,1,0,0,0,0,False,False,False,False,False,True
580,0,0,1,0,0,0,0,False,False,False,False,False,True
581,0,1,0,0,0,1,0,False,False,False,False,False,True
582,0,0,1,0,0,0,0,False,False,True,False,False,False
583,0,0,0,0,0,0,0,False,False,True,False,False,False
584,1,0,0,1,0,0,0,True,False,False,False,True,True
585,0,1,0,0,0,0,0,False,False,False,False,True,True
586,0,0,0,1,0,0,0,False,False,False,False,True,True
587,0,0,0,0,0,1,0,False,True,True,False,False,False
588,1,0,0,0,0,1,0,False,True,False,False,False,False
589,1,0,0,0,0,1,1,False,False,True,True,False,False
590,1,0,0,0,0,0,0,False,True,False,False,False,False
591,1,0,0,1,0,1,0,False,False,True,False,False,False
592,1,0,0,0,1,1,0,False,False,False,False,True,True
593,1,0,1,0,1,1,0,False,True,False,False,False,False
594,1,0,1,0,1,1,0,False,False,False,False,True,True
595,0,0,0,1,0,0,0,False,False,False,False,False,True
596,1,0,0,0,1,0,0,False,False,True,False,False,False
597,1,1,0,0,0,1,0,False,True,False,False,True,False
598,0,0,0,0,1,0,0,False,False,True,False,False,False
599,1,0,0,0,0,1,0,False,False,False,True,False,False
600,1,0,0,0,0,1,0,False,False,False,False,True,True
601,0,1,0,0,0,1,0,False,False,False,False,True,True
602,0,1,0,0,0,1,0,False,False,True,False,False,False
603,1,0,0,0,0,0,0,False,False,False,False,False,True
604,0,0,0,0,0,1,0,False,False,False,False,False,True
605,0,0,0,0,0,0,0,False,False,True,False,False,True
606,0,0,0,0,0,0,0,False,False,False,False,False,True
607,1,0,0,0,0,1,0,False,False,False,False,False,True
608,0,1,1,0,0,1,0,False,False,False,False,False,True
609,0,0,0,0,0,1,0,False,False,True,False,False,False
610,1,0,0,1,0,0,0,False,False,False,False,True,True
611,0,0,0,1,0,1,0,False,False,False,True,False,False
612,0,0,1,0,0,0,0,False,False,False,False,True,False
613,0,0,0,0,0,1,0,False,False,False,False,False,True
614,0,1,1,1,0,0,0,False,False,True,False,False,False
615,0,0,0,0,1,1,0,False,False,True,False,False,False
616,0,1,1,0,0,0,0,False,False,False,False,False,True
617,0,0,0,0,0,1,1,False,False,True,False,False,False
618,1,0,0,0,0,1,1,False,False,True,False,False,False
619,1,0,0,0,1,0,1,False,False,False,False,False,True
620,1,0,0,0,0,1,0,False,False,False,False,True,True
621,1,1,1,1,0,0,0,False,False,False,False,False,True
622,1,0,0,1,1,1,0,False,False,False,False,True,False
623,1,0,0,0,0,0,0,False,False,True,False,False,False
624,0,0,0,0,0,0,0,False,False,False,False,True,False
625,0,1,1,0,0,0,0,False,False,False,False,True,False
626,1,0,1,0,0,0,0,False,False,False,False,False,True
627,0,1,1,0,0,0,0,True,False,False,False,False,False
628,1,0,0,0,0,1,0,False,False,True,False,False,False
629,0,1,0,0,1,0,0,False,False,True,False,False,False
630,0,1,1,1,0,0,0,False,False,False,False,False,True
631,0,0,1,0,0,0,0,False,False,True,False,False,False
632,1,0,1,0,0,0,0,False,False,False,False,False,True
633,1,0,0,1,0,0,1,False,False,False,False,True,False
634,0,0,0,1,0,0,0,False,False,True,False,False,False
635,1,0,0,0,1,0,1,False,True,False,False,False,False
636,1,0,0,0,0,1,0,False,False,False,False,True,True
637,1,0,0,1,1,1,0,False,False,True,False,False,False
638,1,0,1,0,1,1,0,False,False,True,False,False,False
639,1,0,0,1,0,0,0,False,True,True,False,False,False
640,0,1,1,0,0,0,0,False,False,True,False,False,True
641,0,0,0,1,0,0,0,False,False,True,False,False,False
642,1,0,0,0,0,0,0,False,False,False,True,False,False
643,0,0,0,0,0,1,0,False,False,True,False,False,False
644,0,1,1,0,0,0,0,False,False,False,False,False,True
645,1,0,0,0,0,1,0,False,False,False,True,False,False
646,0,1,0,0,0,1,1,False,True,False,False,False,False
647,0,1,0,0,1,1,0,False,True,False,False,False,True
648,1,0,1,0,1,1,1,True,False,False,False,False,False
649,0,0,0,0,1,0,0,False,False,True,False,True,False
650,0,0,0,0,0,0,1,True,False,False,False,False,False
651,0,0,0,0,0,0,0,False,False,False,False,True,False
652,0,0,0,0,0,1,0,False,False,False,False,True,False
653,0,1,0,0,1,1,0,False,False,False,False,False,True
654,0,0,0,1,0,0,0,False,False,True,False,False,False
655,0,1,0,0,1,1,0,False,False,False,False,True,False
656,0,1,0,0,0,1,0,False,False,False,False,True,False
657,1,0,0,0,1,1,0,False,False,False,False,False,True
658,1,0,1,0,1,1,0,False,False,True,False,False,False
659,0,1,1,1,0,0,0,False,False,True,False,False,False
660,0,0,0,1,0,0,0,True,False,False,False,False,False
661,1,0,0,0,1,0,0,False,False,True,False,False,False
662,1,0,0,0,0,1,0,False,False,False,False,True,False
663,1,0,0,1,0,0,0,False,False,False,False,False,True
664,0,0,0,0,0,0,0,False,False,True,False,False,False
665,1,0,0,0,0,1,0,False,False,False,False,True,False
666,0,0,0,0,0,0,0,False,True,False,False,True,False
667,0,0,0,0,1,0,1,False,False,False,False,True,False
668,1,0,1,0,1,0,0,False,False,False,False,False,True
669,1,0,0,1,0,0,0,False,False,False,False,True,False
670,1,0,1,0,0,0,0,False,False,True,False,False,True
671,1,0,1,0,0,0,0,False,False,True,False,False,False
672,0,0,0,1,0,0,0,False,False,False,False,True,True
673,1,0,0,1,0,0,0,False,False,True,False,False,False
674,0,0,0,0,0,0,0,False,False,True,False,False,True
675,1,0,0,0,0,1,0,False,False,False,False,True,True
676,1,0,0,0,0,1,0,False,False,False,False,False,True
677,0,0,0,0,0,0,1,False,True,False,False,False,False
678,0,0,0,0,1,1,0,False,False,True,False,False,False
679,0,1,0,0,0,1,1,False,False,False,False,False,True
680,0,1,0,0,0,0,0,False,False,False,False,False,True
681,0,0,1,0,1,0,0,False,False,False,False,False,True
682,1,0,0,0,1,1,1,False,False,False,False,False,True
683,1,0,0,0,1,1,1,False,False,True,False,False,False
684,1,0,1,0,0,0,0,False,False,False,False,False,True
685,0,1,0,1,0,0,0,False,False,True,False,False,False
686,0,0,0,0,0,0,0,False,False,False,False,False,True
687,0,1,1,0,0,0,0,False,False,False,False,False,True
688,1,0,0,0,0,1,0,False,False,False,True,False,False
689,1,0,1,0,0,1,0,False,True,False,False,False,False
690,0,1,1,0,0,0,0,True,False,False,False,False,False
691,1,0,0,0,0,1,0,False,True,True,False,False,False
692,1,0,1,1,0,0,0,False,False,True,False,False,True
693,0,1,0,0,0,0,1,False,True,True,False,False,True
694,1,0,0,0,0,1,0,False,False,False,True,False,False
695,1,1,0,1,0,1,0,False,False,False,False,False,True
696,0,1,1,0,0,0,0,False,False,True,False,False,True
697,1,0,1,1,0,0,0,False,False,False,False,True,False
698,1,0,0,0,0,1,1,False,False,False,False,False,True
699,0,0,1,0,0,0,1,False,True,False,False,False,False
700,1,0,0,1,0,0,0,True,False,False,False,False,False
701,1,0,0,0,0,1,0,False,False,True,False,False,False
702,0,0,0,0,0,1,0,False,False,False,False,False,True
703,1,0,0,0,0,1,1,False,True,True,False,False,False
704,0,0,0,0,1,1,1,False,False,False,False,True,True
705,1,0,0,0,1,1,0,False,False,False,False,False,True
706,0,1,1,0,0,0,0,False,False,False,False,False,True
707,1,0,0,0,0,1,0,False,False,False,False,True,True
708,1,0,1,0,1,0,0,False,False,True,False,False,False
709,0,0,0,0,0,0,0,False,False,False,False,False,True
710,1,0,0,1,0,0,0,False,False,True,False,False,False
711,0,0,0,0,0,0,0,False,False,True,False,False,False
712,1,0,0,1,0,0,0,False,True,False,False,False,True
713,1,0,1,0,0,0,0,False,False,False,False,True,False
714,0,1,0,0,1,0,0,False,False,True,False,False,False
715,1,0,0,0,1,0,0,False,False,False,True,False,False
716,0,0,0,0,0,1,0,False,True,True,False,False,False
717,0,0,0,0,0,1,1,False,False,False,False,True,True
718,0,0,0,0,1,1,1,False,False,True,False,False,False
719,1,0,1,0,1,1,0,False,False,False,False,True,True
720,1,0,0,0,0,1,0,False,False,False,False,True,True
721,0,0,0,0,0,0,0,False,False,False,False,False,True
722,1,0,0,0,0,1,0,False,False,False,False,False,True
723,0,1,1,0,0,0,0,False,False,False,False,False,True
724,1,0,0,0,0,1,0,False,False,False,False,False,True
725,0,1,0,0,1,1,0,False,False,True,False,False,False
726,1,0,0,0,0,1,0,False,False,False,False,True,True
727,0,0,0,1,0,0,0,False,False,True,False,False,False
728,1,0,0,1,0,0,0,False,True,False,False,False,True
729,1,0,1,0,1,0,1,False,False,False,False,True,False
730,0,1,0,0,0,1,1,False,False,True,False,False,False
731,0,0,0,0,1,0,0,False,False,True,False,False,False
732,0,0,1,1,0,0,0,False,False,True,False,False,False
733,0,0,1,0,0,0,0,False,False,False,True,False,False
734,0,1,0,0,1,0,0,False,False,False,True,False,False
735,1,0,0,1,0,0,0,False,False,False,False,False,True
736,0,0,0,1,0,0,0,False,False,True,False,False,False
737,0,0,0,1,0,0,0,False,False,False,False,True,False
738,0,0,0,0,0,0,0,False,True,False,False,False,False
739,0,1,1,0,0,0,0,False,False,True,False,False,False
740,0,0,0,0,0,1,0,False,False,True,False,False,True
741,0,1,0,1,0,0,0,False,False,False,False,False,True
742,1,0,0,1,0,0,0,False,False,False,False,True,True
743,1,0,0,0,0,1,0,False,True,False,False,False,False
744,0,0,0,0,1,0,0,False,True,False,False,True,False
745,0,0,0,1,0,0,0,False,False,False,False,False,True
746,1,0,0,0,1,0,0,False,False,True,False,False,False
747,0,1,0,0,0,1,1,False,False,False,False,False,True
748,1,0,1,0,0,1,0,False,False,False,False,False,True
749,0,0,0,0,0,1,0,False,True,False,False,False,False
750,0,0,0,0,0,1,0,False,False,False,False,False,True
751,0,1,0,0,1,0,0,False,False,True,False,False,True
752,1,0,0,0,0,0,0,False,False,True,False,False,False
753,0,0,0,0,0,0,0,True,False,False,False,False,False
754,0,1,1,0,0,0,1,False,False,True,False,False,False
755,0,0,0,0,1,1,0,False,False,False,False,False,True
756,0,1,1,0,1,1,0,False,False,True,False,False,False
757,1,0,1,1,0,1,0,False,False,True,False,False,False
758,1,0,0,1,0,0,0,True,False,False,False,False,False
759,1,0,0,1,0,0,0,False,False,True,False,False,False
760,0,1,1,0,1,0,1,False,False,True,False,False,False
761,0,0,0,1,0,0,0,False,True,False,False,False,False
762,1,0,0,0,0,1,1,False,False,False,False,False,True
763,0,1,1,0,1,0,0,False,False,False,False,False,True
764,1,0,1,0,0,1,0,False,False,False,False,False,True
765,1,0,0,0,0,1,1,False,False,False,False,False,True
766,0,0,0,0,0,1,0,False,False,False,False,True,False
767,1,0,0,0,0,1,1,False,False,False,False,False,True
768,0,0,0,1,0,0,0,False,False,False,False,False,True
769,0,1,1,0,0,0,0,False,False,False,True,False,False
770,0,1,0,1,0,1,1,False,False,True,False,False,False
771,1,0,0,0,1,0,1,False,False,True,False,False,True
772,0,0,1,1,0,1,0,False,False,True,False,False,False
773,1,0,0,0,0,1,0,False,False,False,True,False,False
774,0,0,0,0,0,0,0,False,False,False,False,False,True
775,1,0,0,0,0,1,0,False,False,False,False,False,True
776,1,0,0,0,0,1,0,False,False,False,False,False,True
777,0,0,0,0,0,1,0,False,False,False,False,True,True
778,0,1,0,1,0,0,0,False,False,False,False,False,True
779,1,0,0,0,0,1,0,False,False,False,False,True,True
780,0,0,0,0,0,1,0,False,False,True,False,False,False
781,0,1,1,1,0,0,0,False,False,True,False,False,False
782,0,0,1,0,1,1,0,True,False,False,False,False,False
783,1,0,0,1,0,1,0,False,False,False,False,True,False
784,0,1,0,0,0,1,0,True,False,False,False,False,False
785,0,0,0,0,0,0,1,False,False,False,False,True,False
786,0,0,0,0,1,1,0,False,True,False,False,False,False
787,1,0,1,1,0,0,0,False,False,False,False,True,True
788,0,0,0,0,0,1,0,False,False,True,False,False,False
789,1,0,0,0,1,1,0,False,False,True,False,False,False
790,1,0,0,0,0,1,0,False,False,False,False,False,True
791,0,0,0,0,0,1,0,False,False,True,False,False,False
792,0,1,0,0,1,0,1,False,False,True,False,False,False
793,0,1,1,0,1,1,0,False,False,True,False,False,False
794,0,1,0,0,0,1,0,False,False,True,False,False,False
795,1,0,0,0,1,0,1,False,False,False,True,False,False
796,1,0,0,1,0,0,0,False,False,True,False,False,False
797,0,0,0,0,0,1,1,False,False,True,False,False,False
798,1,0,0,0,1,0,0,True,False,False,False,False,False
799,0,0,0,1,0,0,0,False,False,True,False,False,False
800,0,1,1,0,0,0,1,False,True,False,False,False,False
801,1,0,0,0,0,1,0,False,True,False,False,False,False
802,1,0,0,0,0,1,0,False,False,False,False,False,True
803,0,0,0,0,1,1,0,False,False,True,False,False,False
804,0,1,0,0,1,0,0,False,False,True,False,False,False
805,0,0,1,0,0,1,1,False,False,False,False,True,True
806,1,0,0,0,0,0,0,False,False,False,False,False,True
807,1,0,0,0,0,0,0,False,False,False,False,False,True
808,0,0,0,0,1,0,0,False,True,False,False,False,False
809,1,0,1,0,0,0,0,True,False,False,False,False,True
810,0,1,0,0,0,0,0,False,False,False,False,False,True
811,0,0,0,0,0,0,0,False,False,False,False,True,False
812,0,0,1,0,0,0,0,False,False,False,False,False,True
813,0,1,0,0,1,1,0,False,False,False,False,False,True
814,0,0,0,0,0,1,0,False,False,True,False,False,False
815,0,0,0,1,0,0,0,False,False,False,False,False,True
816,1,0,0,0,1,1,0,False,False,False,True,False,False
817,1,0,0,0,1,1,0,False,False,True,False,False,False
818,0,0,0,0,1,0,0,False,False,True,False,False,True
819,1,0,0,0,0,1,1,False,True,True,False,False,False
820,0,0,0,0,1,0,0,False,False,True,False,False,False
821,0,1,0,0,0,1,0,False,False,False,False,False,True
822,1,0,0,0,0,0,0,False,False,False,False,True,True
823,1,0,0,0,0,0,0,False,False,True,False,False,True
824,1,0,1,1,0,1,1,True,False,False,False,False,True
825,0,1,0,1,1,0,0,False,False,False,False,True,True
826,1,0,0,0,1,1,1,False,False,False,False,False,True
827,1,0,0,0,1,1,0,False,False,False,False,True,True
828,0,0,0,0,1,1,0,False,False,False,False,True,False
829,1,0,0,0,0,0,0,False,False,True,False,False,False
830,0,0,0,0,0,0,0,False,False,False,False,False,True
831,1,0,0,1,0,0,1,False,False,False,True,False,False
832,0,0,0,0,0,0,0,False,False,False,False,False,True
833,0,0,0,0,0,0,0,False,False,True,False,False,True
834,1,0,0,0,0,0,0,False,False,False,False,False,True
835,1,0,1,0,0,0,0,False,False,False,False,True,False
836,0,0,0,0,1,0,0,False,False,False,False,True,False
837,1,0,0,0,0,1,0,False,False,False,False,False,True
838,1,0,0,1,0,1,0,False,False,False,False,True,False
839,0,1,1,1,0,0,0,False,False,True,False,False,True
840,1,0,1,0,0,0,0,False,False,False,False,True,True
841,1,0,0,0,1,0,1,False,False,False,False,True,True
842,0,0,0,0,0,0,0,False,False,False,False,True,False
843,0,1,0,0,1,0,0,False,False,True,False,False,False
844,1,0,0,0,0,1,0,False,False,True,False,False,False
845,1,0,0,0,1,0,0,False,True,False,False,False,False
846,0,0,1,0,0,0,0,False,False,False,False,True,False
847,1,1,1,1,1,0,0,False,False,False,False,True,False
848,0,1,0,0,0,1,0,False,False,False,False,True,False
849,1,0,0,1,1,0,0,False,False,True,False,False,False
850,1,0,1,0,0,1,0,False,False,True,False,False,False
851,1,0,0,0,0,1,0,False,False,True,False,False,False
852,0,1,0,1,1,0,0,False,False,False,False,False,True
853,0,0,0,0,0,1,0,False,False,True,False,False,False
854,0,0,1,0,0,0,0,True,False,False,False,False,False
855,1,0,1,0,0,0,1,False,False,False,False,False,True
856,1,0,0,0,0,1,0,True,False,True,False,False,False
857,1,0,1,0,1,1,0,False,False,False,False,True,False
858,1,0,0,0,1,1,0,False,False,False,False,True,True
859,1,0,1,0,0,0,0,False,False,True,False,False,False
860,0,0,0,0,0,0,0,False,False,True,False,False,False
861,1,0,0,0,0,1,0,False,False,False,True,False,False
862,0,1,1,0,0,0,0,False,False,False,False,False,True
863,0,1,1,0,1,1,1,False,False,True,False,False,False
864,0,0,1,1,0,0,0,False,True,False,False,False,False
865,0,1,1,0,1,0,0,False,False,False,False,True,True
866,0,1,0,1,0,0,0,False,False,True,False,False,False
867,1,0,1,0,0,0,0,False,True,False,False,False,False
868,1,0,0,0,0,1,0,False,False,False,False,True,False
869,0,1,0,0,1,1,0,False,False,False,False,True,True
870,1,0,0,0,1,1,1,False,False,True,False,False,False
871,0,0,0,0,0,0,0,False,False,False,False,False,True
872,0,1,0,1,0,0,0,False,False,True,False,False,False
873,1,0,0,0,0,1,0,False,False,False,False,False,True
874,1,0,0,0,1,1,0,False,False,False,False,True,True
875,1,0,0,1,0,1,0,False,False,True,False,False,False
876,0,1,0,0,0,1,0,False,False,True,False,False,False
877,1,0,0,0,0,1,1,False,False,True,False,False,False
878,0,0,0,0,0,1,0,False,False,False,False,True,False
879,1,0,0,0,1,0,0,False,False,False,False,True,False
880,1,0,0,0,1,1,1,False,False,False,True,False,False
881,0,0,0,0,1,0,0,True,False,False,False,False,False
882,0,0,1,0,0,0,0,False,False,True,False,False,False
883,0,1,0,0,1,0,0,True,False,False,False,False,False
884,0,0,0,1,0,0,1,False,False,True,False,False,False
885,0,1,0,0,1,1,0,False,False,False,False,True,True
886,1,0,0,1,0,0,0,False,False,False,False,True,False
887,1,0,0,0,1,0,0,False,False,True,False,False,True
888,0,0,0,0,0,0,0,False,False,False,False,True,False
889,0,0,0,0,0,0,0,False,False,False,False,True,True
890,1,0,0,0,0,0,0,False,False,False,False,False,True
891,0,0,1,0,0,0,0,False,False,True,False,False,False
892,1,0,0,0,1,1,0,False,False,False,False,False,True
893,0,0,1,0,0,0,0,False,False,False,False,False,True
894,1,0,1,0,0,0,0,False,False,False,False,True,False
895,0,1,0,0,0,1,0,False,False,True,False,False,True
896,0,0,0,0,0,1,0,False,False,True,False,False,False
897,0,0,0,1,0,0,0,False,False,False,False,False,True
898,0,0,0,0,0,1,0,False,False,False,False,True,False
899,1,0,0,0,0,0,0,False,True,False,False,False,False
900,1,0,1,0,0,1,0,False,True,False,False,False,False
901,1,0,0,0,0,0,0,True,False,False,False,False,False
902,0,0,0,0,1,0,0,False,True,False,False,True,False
903,0,1,0,1,0,0,0,False,True,False,False,False,False
904,1,0,0,1,0,0,0,False,True,False,False,False,False
905,1,0,0,0,0,1,0,False,False,True,False,False,False
906,0,0,1,0,0,0,0,False,False,True,False,False,False
907,0,1,0,0,0,1,0,False,False,False,False,False,True
908,1,0,0,0,0,1,0,False,False,False,False,True,True
909,0,1,0,1,0,0,0,False,False,False,False,True,False
910,1,0,0,0,0,1,0,True,False,False,False,False,False
911,1,0,0,0,1,0,1,False,False,False,False,True,False
912,1,0,0,0,1,1,0,False,False,False,False,False,True
913,1,0,0,0,1,1,0,False,True,False,False,False,False
914,0,1,0,0,0,0,1,False,False,False,False,True,True
915,0,0,0,0,0,0,0,False,False,False,False,True,False
916,1,0,0,0,0,1,0,False,False,False,False,True,True
917,0,0,0,0,0,1,0,False,True,False,False,False,False
918,0,1,0,1,1,0,0,False,False,False,False,True,False
919,0,0,1,0,0,0,0,False,True,True,False,False,False
920,0,0,0,0,0,0,0,False,False,True,False,False,True
921,1,0,0,1,0,1,0,False,False,False,False,True,True
922,1,0,0,1,1,1,0,False,False,False,False,False,True
923,0,0,1,0,0,1,0,False,False,True,False,False,False
924,0,0,1,1,0,1,0,False,False,True,False,False,False
925,0,1,0,0,1,1,0,False,False,True,False,False,True
926,0,0,0,0,0,1,0,False,False,False,False,False,True
927,0,0,0,1,0,0,0,False,False,False,False,True,False
928,1,0,0,0,1,0,0,False,False,False,False,False,True
929,1,0,1,0,0,0,0,False,True,False,False,False,False
930,0,1,0,0,0,1,0,False,False,True,False,False,False
931,1,0,0,0,0,1,1,False,False,True,False,False,False
932,1,0,1,0,0,1,0,False,False,True,False,False,False
933,0,1,0,1,0,0,0,False,False,False,False,True,True
934,1,0,0,0,0,0,1,False,False,False,False,True,False
935,1,0,0,0,1,0,1,False,False,False,False,True,True
936,0,0,1,1,0,0,0,False,False,False,True,False,False
937,1,0,1,0,0,0,0,False,True,False,False,False,False
938,0,0,0,1,0,0,0,False,False,False,False,False,True
939,1,0,0,1,0,1,0,False,False,False,False,False,True
940,0,1,0,1,0,0,0,False,False,False,False,True,False
941,0,0,0,0,0,1,1,False,False,True,False,False,True
942,0,1,1,1,0,0,0,False,False,True,False,False,False
943,0,0,0,1,0,0,0,False,False,False,False,False,True
944,0,0,1,1,0,0,0,False,False,True,False,False,False
945,1,0,1,0,0,0,1,False,False,False,False,True,True
946,1,0,0,0,0,1,0,False,False,False,False,False,True
947,1,0,0,0,1,1,0,False,False,False,False,False,True
948,1,0,0,0,1,1,0,False,False,False,False,False,True
949,0,0,0,1,0,0,0,False,False,True,False,False,False
950,0,1,0,1,0,0,0,False,False,False,False,False,True
951,1,0,0,1,1,1,0,True,False,False,False,False,False
952,1,0,0,1,0,0,0,False,False,False,False,True,False
953,1,0,0,0,0,0,0,False,False,True,False,False,False
954,1,0,1,0,0,1,0,False,False,True,False,False,False
955,1,0,0,0,0,1,0,False,False,False,False,False,True
956,0,1,0,0,0,1,0,False,False,False,False,False,True
957,1,0,0,0,0,1,0,False,False,False,False,True,True
958,0,1,0,0,0,1,0,False,False,True,False,False,False
959,0,1,0,0,1,0,0,False,True,True,False,False,False
960,0,1,0,0,1,1,0,False,False,False,False,True,False
961,0,0,0,0,1,0,0,False,True,True,False,False,False
962,0,1,0,0,0,1,0,False,False,False,False,True,False
963,1,0,0,1,1,1,1,False,False,False,False,True,False
964,1,0,1,0,0,0,0,False,True,False,False,False,False
965,0,0,0,0,0,0,0,False,False,True,False,False,False
966,1,0,0,1,0,0,0,False,False,False,False,True,True
967,0,0,0,0,0,1,0,False,False,True,False,False,False
968,0,1,1,0,0,0,0,False,False,False,False,False,True
969,0,0,1,0,1,0,0,False,True,False,False,False,False
970,1,1,0,1,0,0,0,False,False,True,False,False,False
971,0,0,0,1,0,0,0,False,False,True,False,False,False
972,0,0,0,0,0,1,0,True,False,False,False,False,True
973,0,1,1,0,0,0,0,False,True,False,False,False,True
974,0,0,0,1,0,0,0,False,False,True,False,False,False
975,0,0,1,0,0,0,0,False,False,False,False,False,True
976,0,1,1,0,0,0,0,False,False,False,False,True,False
977,0,0,0,1,0,0,0,False,False,True,False,False,False
978,0,1,1,0,0,0,0,False,False,False,False,False,True
979,0,1,0,0,0,1,1,False,False,True,False,False,False
980,0,1,0,0,0,1,0,False,True,True,False,False,False
981,1,0,0,1,0,1,0,False,True,False,False,False,False
982,0,0,1,0,0,1,0,True,False,False,False,False,False
983,0,1,0,0,0,0,0,False,False,False,False,True,True
984,1,0,0,0,0,0,1,False,False,False,False,False,True
985,1,0,0,0,1,0,0,False,True,True,False,False,False
986,1,0,0,0,0,0,0,False,False,True,True,False,False
987,1,0,0,1,1,0,0,True,False,False,False,False,False
988,1,0,0,0,0,0,1,False,False,False,False,True,True
989,0,0,0,0,1,1,0,False,False,False,False,False,True
990,1,0,0,0,0,1,0,False,False,True,False,False,False
991,0,1,0,0,1,1,0,False,False,True,False,False,False
992,1,0,0,0,0,1,0,False,False,False,False,True,True
993,0,1,1,0,0,0,0,False,False,True,False,False,False
994,0,0,0,1,0,0,0,True,False,False,False,False,False
995,1,0,0,0,1,1,1,True,False,False,False,False,False
996,1,0,1,0,0,0,0,False,False,False,False,True,True
997,0,0,1,0,0,1,0,False,False,True,False,False,False
998,0,0,0,0,0,0,1,False,False,True,False,False,True
999,1,0,1,0,0,0,0,False,False,False,False,False,True
1000,1,0,1,0,1,1,0,False,False,True,False,False,False
1001,0,0,0,1,0,0,0,False,False,True,False,False,False
1002,0,0,0,0,0,1,0,False,False,False,False,True,False
1003,1,0,1,0,1,0,0,False,False,True,False,False,False
1004,1,0,0,1,1,1,0,False,False,False,False,False,True
1005,1,0,0,1,0,1,0,False,False,True,False,False,True
1006,1,0,0,1,1,0,0,False,False,False,False,False,True
1007,1,0,0,0,1,1,1,False,False,False,False,True,True
1008,0,0,0,0,0,1,1,True,False,False,False,False,False
1009,1,0,0,0,1,0,0,False,False,False,False,True,False
1010,1,0,0,0,1,1,1,False,False,True,False,False,False
1011,1,0,0,0,0,1,0,False,False,True,False,False,False
1012,1,0,0,0,0,1,0,False,False,True,False,False,False
1013,1,0,1,1,0,0,0,False,False,False,False,True,True
1014,1,0,1,0,0,1,0,False,False,False,False,True,False
1015,1,0,0,0,0,1,0,False,False,False,False,False,True
1016,1,0,1,0,0,1,0,False,False,False,False,False,True
1017,0,0,0,0,1,1,0,False,False,False,True,False,False
1018,0,1,0,0,0,0,0,False,False,True,False,False,False
1019,0,0,0,0,0,1,0,False,True,False,False,False,False
1020,1,0,0,1,0,0,0,False,False,True,False,False,False
1021,0,1,1,1,0,0,0,False,False,False,False,False,True
1022,0,1,0,0,1,0,0,False,True,False,False,False,True
1023,1,0,0,0,0,0,0,False,False,False,False,False,True
1024,1,0,0,0,0,0,0,True,False,False,False,False,False
1025,0,1,0,0,0,1,0,False,False,True,False,False,False
1026,0,0,1,0,0,0,0,False,False,False,False,False,True
1027,0,0,1,1,0,0,0,False,True,True,False,False,False
1028,1,0,0,0,1,1,1,False,False,True,False,False,False
1029,1,0,0,1,0,0,0,False,True,False,False,False,False
1030,1,0,0,1,0,0,0,False,False,True,False,False,False
1031,1,0,1,0,0,1,0,False,False,False,False,False,True
1032,0,0,0,0,0,1,0,False,False,False,False,True,False
1033,1,0,1,0,0,0,0,False,False,False,False,False,True
1034,1,0,0,0,0,1,0,False,False,False,False,False,True
1035,0,0,0,0,0,0,0,False,False,False,False,True,False
1036,0,1,1,0,0,0,0,False,False,False,False,False,True
1037,0,1,1,1,1,0,0,False,False,False,False,False,True
1038,1,0,0,0,1,0,0,False,False,False,False,True,True
1039,1,0,1,0,1,1,0,False,False,False,False,False,True
1040,1,0,1,0,0,0,0,False,False,False,False,True,False
1041,0,0,0,0,1,0,0,False,False,False,False,False,True
1042,1,1,0,0,1,0,0,False,True,True,False,False,True
1043,0,1,0,1,1,1,0,False,False,True,False,False,False
1044,1,0,0,0,1,1,0,False,False,False,False,True,False
1045,1,0,0,0,0,1,0,False,True,True,False,False,False
1046,1,0,1,0,0,1,0,False,False,True,False,False,False
1047,0,0,0,0,0,1,0,False,False,False,False,False,True
1048,0,0,0,0,0,1,0,False,False,True,False,False,False
1049,1,0,0,0,0,1,0,False,False,False,False,False,True
1050,1,0,0,1,1,0,1,False,False,False,False,True,True
1051,0,0,0,1,0,0,0,False,False,True,False,False,False
1052,1,0,0,0,0,1,0,False,False,False,False,False,True
1053,0,0,1,0,0,0,0,False,False,False,False,True,True
1054,0,0,1,0,1,1,1,False,False,True,False,False,False
1055,0,0,0,0,0,0,1,False,True,False,False,False,False
1056,1,0,0,0,0,1,0,False,False,False,False,False,True
1057,1,0,0,0,0,1,1,False,False,False,False,False,True
1058,1,0,0,0,1,1,0,False,False,True,False,False,False
1059,0,1,0,1,0,0,0,False,False,True,False,False,False
1060,1,0,0,1,0,0,1,False,False,False,True,False,False
1061,0,0,0,0,0,0,0,True,False,False,False,False,False
1062,1,0,0,0,0,1,0,False,False,True,False,False,True
1063,0,1,0,1,0,0,0,False,False,False,False,False,True
1064,0,1,0,0,0,1,0,False,False,True,False,False,True
1065,1,0,0,0,0,1,0,False,False,False,False,True,True
1066,0,1,0,0,1,1,0,False,False,True,False,False,False
1067,1,0,0,0,0,1,0,False,True,False,False,False,False
1068,0,1,0,0,1,0,0,False,False,False,True,False,False
1069,1,0,0,0,0,1,1,False,False,True,False,False,True
1070,1,0,0,0,0,0,0,False,True,False,False,False,False
1071,1,0,0,0,0,1,0,False,False,False,False,False,True
1072,1,0,0,0,0,1,1,False,True,False,False,False,False
1073,1,0,0,1,0,0,1,False,False,True,False,False,False
1074,1,0,0,0,0,0,0,False,False,False,False,True,True
1075,0,0,1,0,0,0,0,False,False,True,False,False,False
1076,0,0,1,1,0,0,0,False,False,True,False,False,False
1077,0,1,0,0,0,0,1,False,False,True,False,False,False
1078,1,0,0,0,1,1,0,False,False,True,False,False,False
1079,0,0,0,1,0,1,0,False,False,True,False,False,False
1080,1,0,0,0,1,0,0,False,False,False,False,True,True
1081,0,1,0,0,0,1,0,False,False,False,False,True,False
1082,0,1,0,0,0,1,0,False,False,False,False,True,False
1083,1,0,0,0,0,1,0,False,True,True,False,False,False
1084,0,0,0,0,0,0,0,False,False,False,False,False,True
1085,1,0,0,0,1,0,0,False,False,True,False,False,False
1086,1,0,0,0,0,1,0,False,False,False,False,False,True
1087,1,0,0,1,1,0,0,False,False,False,True,False,False
1088,0,0,0,0,0,0,0,False,True,False,False,False,False
1089,1,0,0,0,0,1,0,False,False,False,False,False,True
1090,0,0,0,1,0,0,0,False,False,False,False,True,False
1091,1,0,0,0,0,1,1,False,False,False,False,True,False
1092,0,0,0,1,0,0,0,False,False,False,False,True,False
1093,1,0,0,1,0,1,0,False,False,False,True,True,False
1094,0,0,0,0,0,1,0,False,False,True,False,False,False
1095,0,1,0,1,0,0,0,False,False,True,False,False,False
1096,1,0,0,0,1,0,0,False,False,True,False,False,False
1097,0,0,0,0,0,0,0,False,False,True,False,False,False
1098,0,1,0,0,0,1,0,False,False,False,False,False,True
1099,0,0,0,0,1,1,0,False,False,False,False,True,True
1100,0,0,0,0,0,0,1,False,False,True,False,False,False
1101,1,0,0,0,0,1,0,False,False,False,False,True,True
1102,0,0,0,0,0,1,0,False,True,False,False,False,False
1103,1,0,1,0,0,0,0,False,True,True,False,False,True
1104,0,1,1,0,0,0,0,False,False,False,False,False,True
1105,1,0,0,0,0,1,0,False,False,False,False,False,True
1106,1,0,0,0,1,0,0,False,False,False,False,True,False
1107,0,0,0,0,0,0,0,False,False,False,False,False,True
1108,0,1,1,0,0,0,1,False,False,False,False,True,False
1109,1,0,0,0,1,1,1,False,False,True,False,False,False
1110,1,0,0,1,0,0,0,False,False,False,False,False,True
1111,0,0,0,1,0,0,0,False,False,False,False,False,True
1112,0,0,1,0,0,0,0,False,False,False,False,True,True
1113,0,0,1,0,0,0,0,False,False,True,False,False,False
1114,0,1,0,1,1,0,0,False,False,False,False,False,True
1115,0,0,0,0,0,1,0,False,False,False,False,True,True
1116,0,1,1,0,0,0,0,False,False,False,False,True,True
1117,1,0,1,0,0,0,1,False,True,False,False,False,False
1118,1,0,1,0,0,0,0,False,False,False,False,False,True
1119,0,1,0,0,0,1,1,False,False,True,False,False,False
1120,1,0,0,1,0,0,0,False,False,False,True,False,False
1121,1,0,0,0,0,1,0,False,False,True,False,False,False
1122,1,0,0,0,1,1,0,False,False,False,False,False,True
1123,1,0,0,0,0,1,0,False,False,False,False,False,True
1124,1,0,0,1,0,1,0,True,False,False,False,False,True
1125,1,0,1,0,0,0,0,False,False,False,False,False,True
1126,1,0,0,0,1,1,0,False,False,False,False,True,False
1127,0,1,1,0,0,0,0,False,False,False,False,False,True
1128,1,0,1,0,0,1,0,False,False,True,False,False,False
1129,1,0,1,0,0,1,0,False,False,False,False,True,False
1130,0,1,0,0,0,1,0,False,False,True,False,False,False
1131,1,0,0,1,0,0,0,False,False,False,False,True,True
1132,0,0,0,0,0,1,0,False,False,True,False,False,False
1133,0,1,1,1,0,0,0,False,False,False,False,False,True
1134,0,0,0,0,0,0,0,False,False,False,False,True,False
1135,0,0,0,0,0,0,0,False,False,False,False,False,True
1136,0,0,0,0,0,1,0,True,False,False,False,True,False
1137,0,0,0,1,0,0,0,False,True,False,False,False,False
1138,1,0,0,1,0,0,0,False,False,True,False,False,True
1139,1,0,0,0,1,1,0,False,False,False,False,False,True
1140,1,0,0,0,1,1,0,False,False,False,False,True,False
1141,1,0,0,0,0,1,0,False,False,False,False,False,True
1142,1,0,0,1,0,0,0,False,False,False,False,False,True
1143,1,0,0,0,0,1,0,False,False,False,False,True,True
1144,0,0,1,0,0,0,0,False,False,False,False,False,True
1145,1,0,0,0,1,1,0,False,False,False,False,False,True
1146,1,0,0,0,0,0,1,True,False,False,False,False,False
1147,0,1,0,1,0,0,0,False,False,True,False,False,False
1148,0,0,0,1,0,0,0,False,False,True,False,False,False
1149,0,1,1,0,0,0,0,False,False,True,False,False,False
1150,1,0,0,0,0,0,0,False,False,False,False,True,False
1151,0,0,0,0,0,1,0,False,False,True,False,False,False
1152,0,0,0,0,0,1,0,False,True,True,False,False,False
1153,1,0,1,0,0,1,1,False,False,False,False,False,True
1154,1,0,1,0,0,1,1,False,False,False,False,True,False
1155,1,0,0,0,1,0,0,False,False,True,False,False,False
1156,1,0,0,0,0,1,0,False,False,False,False,True,False
1157,0,0,0,0,1,0,0,False,False,True,True,False,False
1158,1,0,0,0,1,0,0,False,False,True,False,False,False
1159,0,1,1,0,0,0,0,False,False,False,False,True,True
1160,1,0,1,0,0,0,0,False,False,False,False,False,True
1161,1,0,0,0,1,1,1,False,False,False,False,False,True
1162,1,0,0,1,0,0,0,False,False,True,False,False,False
1163,1,0,0,0,0,1,1,False,False,False,False,False,True
1164,1,0,0,1,0,0,0,False,False,True,False,False,False
1165,0,1,0,0,1,1,1,False,False,True,False,False,False
1166,1,0,0,0,0,1,0,False,False,False,False,False,True
1167,1,0,0,0,0,1,0,False,False,True,False,False,False
1168,1,0,0,0,0,1,0,False,False,False,False,True,False
1169,1,0,1,1,0,0,0,False,False,False,False,True,False
1170,1,0,1,0,0,0,0,False,False,False,False,False,True
1171,1,1,0,0,0,1,0,False,False,False,False,False,True
1172,0,0,0,1,0,0,0,False,False,False,False,False,True
1173,1,0,1,1,0,0,1,False,False,False,False,False,True
1174,1,0,1,0,1,0,0,False,False,True,False,False,False
1175,0,1,0,0,0,1,0,False,False,False,False,True,True
1176,1,0,0,1,0,1,0,False,False,True,False,False,False
1177,0,0,0,1,0,0,0,False,False,False,False,True,False
1178,0,0,1,0,0,1,0,False,False,True,False,False,False
1179,0,0,0,0,0,0,0,False,False,False,False,True,True
1180,0,1,0,1,0,0,0,False,False,True,False,False,False
1181,0,0,0,0,1,1,0,False,True,False,False,True,False
1182,0,0,1,1,0,0,0,False,False,True,False,False,False
1183,0,0,0,1,1,0,0,False,False,True,False,False,False
1184,1,0,0,0,0,1,0,False,False,False,False,True,True
1185,1,0,0,0,0,0,1,False,False,True,False,False,False
1186,1,0,0,0,0,1,0,False,True,False,False,False,False
1187,0,0,0,0,1,0,0,False,False,False,False,False,True
1188,0,1,0,0,0,1,0,False,False,False,False,True,False
1189,1,0,0,0,0,1,0,False,False,True,False,False,False
1190,1,0,0,0,0,1,0,False,True,False,False,False,False
1191,0,0,0,1,0,1,0,False,False,False,False,True,False
1192,1,0,0,1,0,0,1,False,False,False,False,False,True
1193,0,0,0,0,0,1,0,False,False,True,False,False,True
1194,1,0,0,0,0,1,0,False,False,False,False,False,True
1195,1,0,0,0,0,1,0,False,False,False,False,False,True
1196,1,0,0,0,0,1,0,False,False,False,False,True,True
1197,1,0,0,0,0,1,0,True,False,True,True,False,False
1198,0,0,0,1,0,0,0,False,False,True,False,False,False
1199,0,0,1,0,0,0,1,False,False,False,False,True,False
1200,0,1,0,1,0,0,0,False,False,False,False,False,True
1201,1,0,0,0,0,1,0,False,True,False,False,False,False
1202,0,0,0,0,0,1,0,False,False,False,False,True,False
1203,0,0,0,1,0,1,1,False,False,True,False,False,False
1204,1,0,0,0,0,1,0,False,False,False,False,False,True
1205,0,1,0,0,1,1,1,False,False,True,False,False,False
1206,1,0,1,0,0,0,0,True,False,False,False,False,False
1207,0,0,1,1,0,0,0,False,False,True,False,False,False
1208,1,0,0,0,0,1,0,False,False,False,False,False,True
1209,1,0,0,0,0,0,0,False,False,False,True,False,False
1210,1,0,0,0,1,1,0,False,False,False,False,True,False
1211,0,0,0,0,0,1,0,False,True,True,False,False,False
1212,1,0,0,0,1,1,0,False,False,False,False,False,True
1213,0,1,0,0,0,0,0,False,False,True,False,False,False
1214,0,0,1,0,0,0,0,False,False,False,False,True,True
1215,1,0,0,1,0,0,0,False,False,False,False,True,False
1216,0,1,0,0,0,1,0,False,False,False,True,False,False
1217,0,0,0,0,0,1,0,False,False,True,False,False,False
1218,1,0,1,0,0,1,0,False,False,True,False,False,True
1219,1,0,0,0,0,0,0,False,False,False,False,True,True
1220,0,1,1,0,0,0,0,False,False,False,False,False,True
1221,1,0,0,0,1,0,0,False,False,True,False,False,False
1222,1,0,0,0,1,0,0,False,False,False,False,True,True
1223,0,0,0,0,0,0,0,False,False,False,False,True,False
1224,1,0,0,1,0,1,0,False,False,False,False,True,True
1225,1,0,1,1,0,0,0,False,False,True,False,False,True
1226,0,1,0,0,0,1,0,False,False,False,False,True,False
1227,1,0,0,0,0,1,0,True,False,False,False,False,False
1228,0,0,0,1,0,0,0,False,False,False,False,False,True
1229,1,0,0,0,0,1,0,False,False,False,False,False,True
1230,1,0,0,0,0,1,0,False,False,False,False,False,True
1231,0,0,1,0,0,1,0,False,False,True,False,False,False
1232,1,0,0,1,0,0,0,False,False,False,False,False,True
1233,0,0,0,0,0,0,0,False,False,True,False,False,True
1234,0,1,0,0,0,0,1,False,True,True,False,False,True
1235,0,0,0,0,0,1,0,False,False,False,False,True,False
1236,0,1,0,1,1,1,0,False,False,True,False,False,False
1237,1,0,1,0,0,0,1,False,False,False,False,False,True
1238,1,0,0,0,0,1,0,False,True,False,False,False,False
1239,1,0,0,0,1,0,0,False,False,True,False,False,False
1240,0,1,1,0,0,0,0,False,False,False,False,False,True
1241,1,0,0,0,0,1,0,False,False,False,False,True,True
1242,0,1,0,0,0,1,0,False,False,True,False,False,False
1243,1,0,0,0,0,1,1,False,False,False,False,False,True
1244,0,1,1,0,0,0,0,False,False,False,False,False,True
1245,0,0,1,0,0,0,0,False,False,True,False,False,False
1246,1,0,0,0,0,1,0,False,False,False,False,True,True
1247,1,0,1,0,0,0,0,False,False,True,False,False,False
1248,0,0,1,0,0,0,0,False,False,True,False,False,False
1249,1,0,0,0,0,1,0,False,False,True,False,False,False
1250,1,1,0,0,0,1,0,False,False,True,False,False,False
1251,1,0,1,1,1,1,0,False,False,True,False,False,False
1252,1,0,0,0,1,0,0,False,False,False,False,True,False
1253,1,0,0,0,1,1,0,False,False,False,False,False,True
1254,1,0,0,1,1,1,0,False,False,False,False,False,True
1255,0,0,0,0,1,1,1,False,False,True,False,False,False
1256,1,0,0,0,1,1,0,True,False,False,False,False,True
1257,1,0,0,0,0,1,0,False,False,True,False,False,False
1258,0,0,0,0,1,1,0,False,False,False,False,False,True
1259,1,0,0,0,1,0,0,False,False,False,False,True,True
1260,1,0,0,0,0,1,0,False,False,False,False,False,True
1261,0,0,0,0,0,1,0,False,False,True,False,False,False
1262,0,1,0,1,0,1,0,False,False,True,False,False,True
1263,0,0,0,0,0,1,1,False,True,True,False,False,False
1264,1,0,0,0,1,0,0,False,False,False,False,True,False
1265,1,0,0,1,0,1,1,False,False,True,False,False,False
1266,0,1,0,0,0,0,1,True,False,False,False,False,False
1267,1,0,0,0,1,1,0,False,False,False,False,False,True
1268,0,1,0,0,0,0,0,False,False,True,False,False,False
1269,0,0,0,1,0,1,0,False,False,True,False,False,False
1270,1,0,0,0,0,1,0,False,False,True,False,False,False
1271,0,0,1,0,0,1,0,False,False,True,False,False,False
1272,0,0,0,0,0,1,0,False,True,True,False,False,False
1273,0,0,0,0,0,0,0,False,False,True,False,False,False
1274,1,0,0,0,1,0,1,False,False,False,False,False,True
1275,0,1,1,0,0,1,0,False,True,False,False,False,False
1276,1,0,1,0,0,1,0,False,False,False,False,False,True
1277,0,0,0,0,0,1,1,False,False,True,False,False,False
1278,1,0,1,1,0,1,1,False,False,True,False,False,False
1279,0,1,0,0,0,1,0,False,False,True,False,False,False
1280,1,0,1,0,0,0,0,False,False,False,False,True,True
1281,0,0,0,0,0,1,0,False,False,False,False,True,False
1282,0,1,1,0,0,0,0,False,False,False,False,True,False
1283,1,0,1,0,1,1,0,True,False,False,False,False,False
1284,0,1,1,0,0,0,0,False,False,False,False,False,True
1285,0,1,0,0,0,1,0,False,False,False,False,False,True
1286,0,0,1,0,0,0,0,False,False,True,False,False,False
1287,1,0,0,1,0,0,1,False,False,False,False,False,True
1288,0,0,1,0,0,0,0,False,False,False,False,False,True
1289,1,0,0,1,1,1,0,False,True,True,False,False,False
1290,0,1,1,0,0,1,1,False,False,True,False,False,False
1291,1,0,1,0,0,1,0,False,False,True,False,False,False
1292,1,0,0,0,0,1,0,False,False,False,False,False,True
1293,0,1,0,1,0,1,0,False,False,False,False,False,True
1294,0,1,0,0,0,0,0,False,False,False,False,False,True
1295,0,1,0,0,1,1,0,False,False,True,False,False,True
1296,1,0,0,0,1,1,0,False,False,False,False,True,False
1297,1,0,0,0,0,1,0,False,False,False,False,True,True
1298,1,0,0,0,0,1,0,False,False,False,False,False,True
1299,1,0,0,1,1,1,0,False,False,False,False,True,False
1300,0,0,0,0,1,0,0,False,False,True,False,False,False
1301,1,0,0,0,1,0,0,False,False,True,False,False,False
1302,1,0,0,0,0,1,0,False,False,True,False,False,False
1303,0,1,1,0,0,0,0,False,False,False,False,False,True
1304,1,0,0,1,1,0,0,False,False,False,False,False,True
1305,0,0,1,0,0,0,0,False,False,False,False,False,True
1306,0,0,0,1,0,0,0,False,False,False,False,True,True
1307,0,1,0,0,1,0,1,False,False,True,False,False,False
1308,1,0,0,0,0,1,1,False,False,False,False,True,True
1309,1,0,0,0,1,1,1,False,False,False,False,False,True
1310,1,0,0,0,1,0,0,False,False,False,False,True,True
1311,0,0,1,0,1,0,1,False,False,False,False,True,False
1312,0,1,0,1,0,0,0,False,False,True,False,False,False
1313,0,0,0,0,0,1,0,False,False,True,False,False,False
1314,1,0,0,0,1,0,0,False,False,True,False,False,False
1315,0,1,1,0,0,0,0,False,False,False,False,False,True
1316,1,0,1,1,0,1,0,False,False,False,False,True,False
1317,1,0,1,0,0,0,1,False,False,False,False,False,True
1318,0,0,1,0,0,0,0,False,False,True,False,False,False
1319,0,1,0,0,1,0,0,False,False,True,False,False,True
1320,0,1,1,0,0,0,0,False,False,True,False,False,False
1321,1,0,0,0,1,0,1,True,False,False,False,False,False
1322,1,0,0,0,1,1,1,False,False,True,False,False,False
1323,1,0,0,1,1,1,0,True,False,False,False,False,False
1324,1,0,1,0,0,0,0,False,False,False,False,False,True
1325,0,1,0,0,1,0,1,False,False,False,False,True,False
1326,1,0,0,0,0,1,0,False,False,False,False,True,False
1327,1,0,0,1,0,0,0,False,False,False,False,False,True
1328,0,1,0,0,0,1,0,False,False,False,False,True,False
1329,0,0,1,0,0,0,0,False,False,True,False,False,False
1330,0,0,0,0,0,0,0,False,False,False,False,True,True
1331,1,0,0,0,0,1,0,False,False,False,False,True,False
1332,0,1,0,0,0,1,0,False,False,True,False,False,True
1333,0,1,1,0,0,1,0,False,False,False,False,False,True
1334,1,0,0,0,0,1,1,False,False,False,False,True,False
1335,0,1,1,1,0,1,1,False,False,False,False,False,True
1336,0,0,0,1,0,0,0,False,False,False,False,False,True
1337,1,0,1,0,0,0,0,False,False,False,False,True,False
1338,1,0,1,0,0,0,1,False,False,False,False,False,True
1339,1,0,0,1,0,0,0,False,False,True,False,False,False
1340,0,0,0,0,0,1,0,False,False,True,False,False,False
1341,0,0,0,1,0,0,0,False,False,True,False,False,False
1342,0,0,0,0,1,1,0,False,True,True,False,False,False
1343,0,0,0,0,1,0,0,False,False,False,True,False,False
1344,1,0,0,1,0,0,1,False,False,True,False,False,False
1345,0,0,0,1,0,0,0,False,False,True,False,False,False
1346,0,1,1,0,1,0,0,False,False,True,False,False,True
1347,1,0,0,0,0,0,0,False,False,True,False,False,False
1348,1,0,1,0,0,0,0,False,False,True,False,False,False
1349,1,0,0,0,1,1,0,False,False,False,False,True,True
1350,1,0,0,0,1,0,0,False,True,False,False,False,False
1351,0,1,1,0,0,0,1,False,False,True,False,False,True
1352,0,1,1,0,0,0,0,False,False,False,False,True,True
1353,0,0,0,0,0,1,1,False,False,True,False,False,False
1354,0,1,0,0,1,0,1,False,True,False,False,False,False
1355,0,1,1,0,0,1,0,False,False,True,False,False,False
1356,1,0,0,0,1,1,0,False,False,False,False,False,True
1357,0,1,1,0,0,0,0,False,False,False,False,False,True
1358,0,0,0,0,0,1,0,False,False,True,False,False,False
1359,1,0,0,0,0,1,0,False,False,False,False,True,False
1360,0,0,0,0,0,1,0,False,False,False,False,False,True
1361,1,0,0,0,0,1,0,False,False,False,False,False,True
1362,1,0,1,0,0,1,0,False,False,False,False,True,True
1363,1,0,0,0,1,1,0,False,False,False,False,False,True
1364,0,0,0,1,0,0,0,False,False,False,False,False,True
1365,1,0,1,0,0,0,0,False,False,False,False,True,True
1366,1,0,1,0,1,0,0,False,False,False,False,True,False
1367,1,0,0,0,0,0,0,False,False,True,False,False,False
1368,1,0,0,0,0,1,1,False,False,True,False,False,False
1369,1,0,0,0,1,0,0,False,False,False,False,True,False
1370,1,0,0,0,0,1,0,False,False,True,False,True,False
1371,1,0,0,0,0,1,0,False,False,True,False,False,True
1372,0,0,0,1,0,0,0,False,False,False,False,False,True
1373,1,0,0,0,0,1,0,False,False,False,False,True,False
1374,0,0,0,0,0,1,0,False,False,True,False,False,False
1375,0,0,1,0,0,0,0,True,False,False,False,False,False
1376,1,0,0,0,1,1,1,False,False,False,True,False,False
1377,0,0,1,0,0,1,0,False,False,False,True,False,True
1378,0,1,1,0,0,0,0,False,False,True,False,False,True
1379,1,0,1,0,1,0,1,False,False,False,False,True,False
1380,0,0,0,0,0,0,0,False,False,False,False,False,True
1381,0,1,0,0,0,1,1,False,False,False,True,False,False
1382,1,0,0,0,0,1,0,False,True,False,False,False,False
1383,0,0,0,0,0,1,0,False,False,False,False,False,True
1384,0,0,0,0,0,0,0,False,False,True,False,False,False
1385,0,1,0,1,0,0,0,False,False,False,False,True,True
1386,1,0,0,0,0,1,0,False,False,False,False,True,False
1387,0,1,0,0,1,0,0,False,False,False,False,False,True
1388,0,0,0,0,0,0,0,False,False,False,False,True,False
1389,0,0,1,0,0,0,0,False,False,False,False,False,True
1390,0,1,0,0,0,0,0,False,False,False,False,False,True
1391,1,0,0,0,0,1,1,False,False,False,False,True,False
1392,0,1,0,1,1,1,0,False,False,False,True,True,False
1393,1,0,0,0,1,0,0,False,True,True,False,False,False
1394,1,0,0,1,0,0,0,False,False,True,False,False,False
1395,1,0,0,0,0,1,0,False,False,False,False,False,True
1396,1,0,0,0,0,1,0,False,False,False,False,True,False
1397,1,0,0,1,0,0,0,False,False,False,False,False,True
1398,1,0,0,1,0,0,0,False,True,False,False,False,False
1399,1,0,0,0,0,1,1,False,True,True,False,False,False
1400,1,0,0,0,0,1,0,False,False,True,False,False,False
1401,0,1,1,0,0,0,0,False,False,False,False,False,True
1402,0,1,0,1,1,1,0,False,False,False,False,False,True
1403,1,0,0,0,0,1,1,False,False,False,False,False,True
1404,1,0,0,1,0,0,0,False,False,False,False,True,False
1405,0,0,0,0,1,0,1,False,False,False,False,True,False
1406,0,1,1,0,0,1,0,False,False,False,False,True,False
1407,0,1,0,0,0,0,0,False,False,False,False,False,True
1408,0,0,0,1,0,0,0,False,False,False,True,False,False
1409,1,0,0,0,1,0,0,False,False,False,False,True,True
1410,0,0,0,1,1,0,0,False,False,False,False,True,False
1411,0,1,0,0,0,1,0,False,False,False,False,False,True
1412,1,0,0,0,1,0,0,False,False,True,False,False,False
1413,1,0,0,0,0,0,0,False,False,True,False,False,False
1414,0,0,0,0,0,0,1,False,False,False,True,False,False
1415,0,0,0,0,0,1,0,False,False,True,False,False,False
1416,0,0,0,0,0,0,0,False,False,False,False,False,True
1417,1,0,0,1,0,0,1,False,False,False,True,False,False
1418,0,0,0,0,1,1,0,False,False,True,False,False,False
1419,0,0,0,0,0,0,0,False,False,False,False,True,False
1420,0,0,0,0,0,1,0,False,False,True,False,False,False
1421,0,0,0,0,0,1,0,False,False,True,False,False,False
1422,1,0,0,1,0,0,0,False,False,True,False,False,True
1423,0,1,0,0,0,1,0,False,False,True,False,False,False
1424,0,1,0,1,0,0,1,False,False,True,False,False,True
1425,1,0,1,0,0,0,0,False,False,False,False,False,True
1426,1,0,1,0,0,0,0,False,False,False,False,True,True
1427,1,0,1,0,0,0,0,False,False,False,True,False,False
1428,0,0,0,0,0,1,0,False,False,False,False,True,True
1429,1,0,0,0,0,1,0,False,False,True,False,False,False
1430,0,1,1,0,0,0,0,False,False,False,False,False,True
1431,0,0,0,0,0,1,0,False,False,True,False,False,False
1432,1,0,0,0,0,1,0,False,False,True,False,False,False
1433,1,0,0,0,0,0,0,False,False,True,False,False,False
1434,0,1,1,0,0,0,0,False,False,False,False,False,True
1435,0,1,1,1,1,1,0,False,False,True,False,False,False
1436,1,1,1,0,1,1,0,False,False,True,False,False,True
1437,0,0,0,0,1,1,0,False,False,True,False,False,False
1438,1,0,0,0,1,1,1,False,False,True,False,False,False
1439,0,0,0,0,0,1,0,False,False,False,False,False,True
1440,0,1,0,1,0,0,0,False,False,False,False,True,True
1441,1,0,1,1,0,0,0,False,False,False,False,True,False
1442,0,1,0,0,0,1,0,False,False,False,False,False,True
1443,1,0,0,1,1,0,0,False,False,False,False,False,True
1444,0,0,0,1,0,0,0,False,False,False,False,False,True
1445,0,0,0,1,0,0,0,False,False,False,False,False,True
1446,0,0,1,1,0,0,0,False,False,True,False,False,False
1447,0,1,0,0,1,1,0,False,False,False,False,True,False
1448,1,0,0,0,0,1,0,False,False,False,False,False,True
1449,0,1,0,1,0,0,1,False,False,True,False,False,False
1450,0,0,0,1,0,0,0,False,False,True,False,False,False
1451,1,0,0,0,1,1,0,False,False,True,False,False,False
1452,0,0,0,0,0,1,0,False,False,True,False,False,False
1453,0,1,1,0,0,0,1,False,False,False,False,False,True
1454,0,0,0,1,1,0,0,False,False,False,False,False,True
1455,0,0,1,0,0,0,0,False,False,True,False,False,False
1456,1,0,1,0,0,0,0,False,False,False,False,True,False
1457,1,0,0,0,0,1,0,False,False,False,False,True,False
1458,0,1,0,1,1,0,0,False,False,True,False,False,False
1459,0,0,0,0,0,1,0,False,True,True,False,False,False
1460,0,1,0,0,0,1,1,False,False,False,False,False,True
1461,0,1,1,0,0,0,0,False,False,True,False,False,False
1462,1,0,0,1,1,1,0,True,False,False,False,False,False
1463,0,1,0,0,1,0,1,False,False,True,False,False,False
1464,1,0,0,1,0,0,0,False,False,False,False,True,True
1465,0,0,0,0,1,0,0,False,False,True,False,False,False
1466,1,0,0,0,0,1,0,True,False,False,False,False,True
1467,1,0,0,0,1,0,0,True,False,False,False,False,True
1468,0,0,0,1,0,0,0,False,False,True,False,False,False
1469,1,0,0,0,0,0,0,False,False,True,False,False,False
1470,1,0,0,0,0,0,0,False,False,False,False,True,True
1471,1,0,0,0,1,0,0,False,False,False,True,False,False
1472,1,1,1,0,1,1,1,False,False,False,False,True,False
1473,1,0,1,1,1,1,0,False,False,True,False,False,False
1474,1,0,1,0,0,0,1,False,False,False,False,True,False
1475,0,1,0,0,0,1,1,False,False,False,False,True,False
1476,1,0,0,0,1,1,1,False,False,True,False,False,True
1477,1,0,1,0,0,0,1,False,True,False,False,False,False
1478,1,0,0,0,0,0,0,False,False,False,True,False,False
1479,1,0,0,0,0,1,0,False,False,False,False,True,True
1480,0,1,0,0,0,1,0,False,False,False,True,False,False
1481,0,0,0,0,1,0,0,False,True,False,False,False,False
1482,1,0,0,1,1,0,0,False,False,False,False,True,False
1483,1,0,0,0,0,1,0,False,True,True,False,False,False
1484,0,1,0,0,0,1,0,False,False,True,False,False,False
1485,0,0,0,1,0,0,0,False,False,False,False,True,True
1486,1,0,0,0,0,1,0,False,False,False,False,False,True
1487,1,0,0,0,1,0,0,False,False,True,True,False,False
1488,0,0,0,0,0,0,0,False,False,False,False,True,True
1489,0,0,0,1,1,1,1,False,False,True,False,False,False
1490,0,0,0,0,0,0,0,False,False,False,False,True,False
1491,0,0,1,0,0,1,0,False,False,True,False,False,False
1492,0,0,1,0,0,0,0,False,False,False,False,False,True
1493,0,0,1,0,1,1,1,False,False,False,False,True,True
1494,1,0,0,1,0,0,0,False,False,False,True,False,False
1495,0,0,0,0,0,1,0,False,False,True,False,False,False
1496,0,1,0,1,0,0,0,False,False,True,False,False,False
1497,0,0,0,0,0,1,0,False,False,False,False,False,True
1498,1,0,0,0,0,0,0,False,False,True,False,False,False
1499,0,0,0,0,0,1,0,False,False,True,False,False,False
1500,1,0,0,0,0,1,0,False,False,False,False,True,False
1501,1,0,0,0,1,0,0,True,False,False,False,False,False
1502,0,0,0,0,0,1,0,False,False,True,False,False,True
1503,0,0,0,1,0,0,0,False,False,True,False,False,False
1504,1,0,1,0,0,0,0,False,False,False,False,False,True
1505,0,1,0,1,0,0,0,False,False,False,False,True,True
1506,0,0,0,1,0,0,1,False,True,False,False,False,False
1507,0,0,0,0,0,0,0,False,False,False,False,False,True
1508,1,0,0,0,0,1,0,True,False,False,False,False,False
1509,1,0,0,0,0,0,0,False,False,True,False,False,False
1510,0,1,0,0,0,1,0,False,False,True,False,False,False
1511,1,0,1,0,0,0,0,True,False,False,False,False,False
1512,0,1,0,0,0,1,0,False,False,False,False,True,True
1513,1,0,1,0,1,0,0,False,False,False,False,True,False
1514,0,0,1,0,0,0,0,False,False,True,False,False,False
1515,1,0,0,0,0,1,0,False,False,False,False,True,False
1516,0,0,0,0,1,0,0,False,True,False,False,False,False
1517,1,0,0,1,0,0,0,False,True,False,False,False,False
1518,1,0,0,0,0,1,1,False,False,True,True,False,False
1519,0,0,0,1,0,0,0,False,True,False,False,False,False
1520,1,0,0,0,0,1,0,False,False,True,False,False,False
1521,1,0,1,0,0,0,0,False,False,False,False,True,True
1522,1,0,0,1,0,0,1,False,False,False,False,True,False
1523,0,1,1,1,0,0,0,False,False,False,False,True,False
1524,1,0,0,0,0,1,0,False,False,True,False,False,True
1525,0,1,0,0,0,1,0,False,False,False,False,False,True
1526,1,0,0,1,0,0,0,False,False,False,False,False,True
1527,1,0,0,0,1,0,0,False,False,False,True,False,False
1528,0,1,1,1,0,1,1,False,False,True,False,False,False
1529,1,0,0,0,0,1,1,False,False,False,False,False,True
1530,1,0,0,0,1,1,0,False,False,False,False,True,False
1531,1,0,0,0,1,0,0,False,True,False,False,False,False
1532,1,0,0,0,0,1,0,False,False,True,False,False,False
1533,0,1,1,1,1,1,0,True,False,False,False,False,False
1534,1,0,0,0,1,1,0,False,True,False,False,False,False
1535,0,0,0,0,0,1,0,False,False,False,False,False,True
1536,0,0,0,1,0,0,0,False,False,True,False,False,False
1537,0,1,0,0,1,1,0,False,False,True,False,False,False
1538,0,1,0,1,1,1,0,False,True,False,False,False,False
1539,0,1,0,0,0,1,0,False,False,False,False,True,False
1540,0,0,0,0,0,1,0,False,False,False,False,False,True
1541,0,0,0,0,1,0,0,False,False,True,False,False,False
1542,0,1,1,1,1,0,1,False,False,True,False,False,False
1543,1,0,0,0,1,0,1,False,False,False,False,True,False
1544,1,1,0,1,1,1,0,True,False,False,False,False,False
1545,0,1,0,0,0,1,0,False,True,True,False,False,True
1546,0,0,0,0,1,1,1,False,True,False,False,False,False
1547,1,0,1,0,0,0,0,False,False,False,False,True,False
1548,1,0,0,0,0,1,1,False,False,False,False,True,False
1549,1,0,0,0,1,0,0,True,False,False,False,False,False
1550,1,0,0,1,0,1,0,False,False,False,False,True,False
1551,0,0,0,0,0,0,0,False,False,True,False,False,True
1552,1,0,1,0,0,0,0,False,True,True,False,False,False
1553,0,1,1,0,0,0,0,False,False,True,False,False,False
1554,0,0,0,0,0,1,0,False,True,False,False,False,False
1555,1,0,0,0,1,1,0,False,False,False,False,False,True
1556,1,0,0,0,1,0,0,False,True,True,False,False,False
1557,1,0,1,0,0,1,0,False,False,True,False,False,False
1558,1,1,0,0,0,1,0,False,True,True,False,False,False
1559,0,0,0,0,0,1,0,False,False,True,False,False,False
1560,0,1,0,1,0,0,0,False,False,False,False,False,True
1561,1,0,0,0,1,0,0,False,False,True,False,False,False
1562,0,0,0,0,1,0,0,False,True,False,False,False,False
1563,0,1,1,0,0,0,0,False,False,False,False,False,True
1564,1,0,0,0,0,1,0,False,False,True,False,False,False
1565,0,0,1,1,0,1,0,False,False,False,False,False,True
1566,1,0,0,0,0,1,0,False,False,True,False,False,False
1567,0,0,0,0,0,1,0,False,False,False,False,False,True
1568,0,0,1,0,0,1,0,False,False,True,False,False,False
1569,0,1,1,0,0,0,0,False,False,False,False,False,True
1570,1,0,0,0,0,1,0,False,False,False,False,True,True
1571,1,0,0,0,0,0,0,False,False,False,False,False,True
1572,0,0,1,0,1,1,1,False,False,True,False,False,False
1573,0,0,0,0,0,1,0,False,False,False,False,True,False
1574,0,0,0,0,1,0,0,False,False,False,False,False,True
1575,0,0,0,1,0,0,0,False,False,False,False,True,False
1576,1,0,0,0,0,1,0,False,True,False,False,False,False
1577,0,0,0,1,0,0,0,False,False,True,False,False,False
1578,1,0,0,0,1,1,0,False,False,False,False,False,True
1579,1,0,0,0,0,1,0,False,False,True,False,False,False
1580,1,0,0,0,0,1,0,False,False,True,False,False,False
1581,0,0,0,0,0,1,0,False,False,False,False,False,True
1582,0,0,0,0,0,1,0,False,False,False,False,True,False
1583,0,1,0,0,1,0,0,False,False,False,False,True,False
1584,0,1,1,0,0,0,0,False,False,False,False,True,False
1585,0,0,0,0,0,1,0,False,False,True,False,False,False
1586,0,0,1,0,0,0,0,False,True,True,False,False,False
1587,1,0,0,0,1,0,0,False,False,False,False,True,False
1588,0,1,1,0,0,0,0,False,False,False,False,False,True
1589,0,1,1,0,1,1,0,False,False,False,False,True,True
1590,0,1,1,0,0,0,0,False,False,False,False,False,True
1591,0,0,0,1,0,1,0,False,False,False,False,True,False
1592,1,0,1,0,0,1,0,False,False,False,False,False,True
1593,0,0,0,0,0,0,0,False,False,False,False,False,True
1594,1,0,1,0,0,1,0,False,True,False,False,False,False
1595,1,0,0,1,0,0,1,False,False,False,False,True,False
1596,0,0,0,0,0,0,0,False,False,False,False,True,True
1597,1,0,0,1,0,1,1,False,False,False,False,True,False
1598,1,0,0,1,0,1,1,False,False,False,False,True,False
1599,1,0,0,0,0,1,0,False,False,True,False,False,False
1600,1,0,0,0,1,0,0,True,False,False,False,False,False
1601,1,0,0,0,0,1,0,False,False,False,False,False,True
1602,1,0,1,0,0,0,0,False,False,False,False,True,True
1603,0,0,0,0,0,0,0,False,False,True,False,False,False
1604,0,0,1,0,0,0,0,False,False,False,False,False,True
1605,0,1,1,0,1,1,0,False,False,False,False,True,False
1606,0,0,0,0,0,0,0,False,False,False,False,True,False
1607,1,1,0,1,1,0,0,False,False,False,False,False,True
1608,1,0,0,0,0,1,0,False,False,False,False,False,True
1609,1,0,0,1,0,0,0,False,False,False,False,False,True
1610,0,0,0,0,1,0,1,False,False,True,False,False,False
1611,1,0,0,0,1,0,0,False,False,False,False,True,False
1612,1,0,0,0,0,1,0,False,False,False,False,True,False
1613,0,0,0,1,1,0,0,False,False,True,False,False,False
1614,1,1,0,1,0,0,0,False,False,True,False,False,False
1615,1,0,1,0,0,1,0,False,False,False,False,False,True
1616,0,1,0,0,0,0,0,False,False,True,False,False,False
1617,0,0,1,0,0,0,0,False,False,True,False,False,False
1618,1,0,0,0,1,1,1,False,False,True,False,False,False
1619,1,0,0,0,0,1,0,False,False,False,True,True,False
1620,0,0,0,0,0,1,0,False,True,True,False,False,False
1621,1,0,0,0,1,0,1,False,False,True,False,False,False
1622,0,0,0,0,1,0,0,False,False,True,False,False,False
1623,0,0,0,0,0,1,0,False,False,True,False,False,False
1624,0,1,0,0,1,0,0,False,False,False,False,True,False
1625,0,0,1,0,0,0,0,False,False,False,False,False,True
1626,1,0,0,0,0,1,1,False,False,False,False,False,True
1627,1,0,0,1,0,1,0,False,False,False,False,True,False
1628,1,0,0,1,0,0,0,False,False,True,False,False,False
1629,0,0,0,0,1,1,0,False,False,True,False,False,True
1630,1,0,0,0,0,1,0,False,False,False,False,True,True
1631,0,0,0,1,0,0,0,False,False,True,False,False,False
1632,0,1,0,0,0,1,1,False,False,True,False,False,True
1633,0,0,1,0,0,1,0,False,False,False,False,False,True
1634,1,0,0,0,0,1,0,False,False,False,False,False,True
1635,1,0,0,0,0,1,0,False,False,False,False,True,False
1636,1,0,0,0,0,1,0,False,True,True,False,False,False
1637,0,0,0,1,0,0,0,False,False,True,False,False,True
1638,0,0,0,0,0,1,0,False,True,False,False,False,False
1639,0,0,0,0,1,0,1,False,False,True,False,False,False
1640,0,1,1,0,0,0,0,False,False,False,False,False,True
1641,0,0,0,0,1,1,0,False,False,True,False,False,False
1642,1,0,0,0,0,1,1,True,False,False,False,False,False
1643,1,0,0,0,0,1,0,False,True,True,False,False,False
1644,0,0,1,0,0,0,0,False,False,True,False,False,False
1645,1,0,0,0,0,1,0,False,False,False,False,True,False
1646,0,0,0,0,1,0,0,False,False,False,False,False,True
1647,1,0,0,0,1,1,0,False,False,False,False,False,True
1648,1,0,0,0,0,0,0,False,False,False,False,False,True
1649,1,0,0,0,1,0,0,False,False,False,False,True,True
1650,0,1,1,0,0,1,1,False,False,True,False,False,False
1651,1,0,0,0,0,1,0,True,False,False,False,False,True
1652,1,0,0,0,0,1,0,False,False,True,False,False,False
1653,0,1,1,0,0,0,1,False,False,True,False,False,False
1654,1,0,0,0,0,1,0,False,False,False,False,False,True
1655,1,0,0,1,0,0,0,False,False,False,False,False,True
1656,1,0,0,0,0,1,0,True,False,True,False,False,False
1657,0,1,1,1,0,0,0,False,False,False,False,True,False
1658,1,0,0,0,1,0,0,False,False,False,False,False,True
1659,1,0,0,0,0,1,0,False,False,False,False,True,True
1660,0,0,1,0,0,0,0,False,False,True,False,False,False
1661,1,0,0,0,1,0,1,False,False,False,False,True,True
1662,1,0,0,0,1,1,0,False,True,False,False,False,False
1663,0,1,1,1,0,0,1,False,False,False,False,True,False
1664,1,0,0,0,1,1,0,False,False,False,False,True,True
1665,1,0,0,0,0,1,0,False,False,False,True,False,False
1666,0,1,1,0,0,0,0,False,False,True,False,False,False
1667,1,0,1,0,0,1,0,False,False,True,False,False,False
1668,0,1,0,0,0,0,0,False,False,False,False,False,True
1669,0,1,1,0,0,0,0,False,False,False,False,True,False
1670,1,0,0,1,0,0,0,False,False,True,False,False,False
1671,0,0,1,0,0,0,0,False,False,True,False,False,False
1672,0,1,0,0,0,1,0,False,False,True,False,False,False
1673,0,1,1,1,0,1,0,False,False,True,False,False,False
1674,0,0,0,0,0,1,0,False,False,False,False,False,True
1675,0,1,1,1,0,0,0,False,False,False,False,True,False
1676,0,1,1,0,0,0,0,True,False,True,False,False,False
1677,1,0,1,1,0,0,0,False,False,False,False,True,True
1678,0,0,0,0,0,1,0,False,False,True,False,False,False
1679,1,1,0,0,0,1,0,False,False,False,False,True,False
1680,0,0,1,1,0,0,0,False,False,False,False,False,True
1681,1,0,0,0,0,1,0,False,False,False,False,False,True
1682,1,0,0,0,0,1,0,True,False,True,False,False,False
1683,1,0,0,0,0,1,0,False,False,False,False,False,True
1684,1,0,0,1,1,1,1,False,False,True,False,False,False
1685,0,0,1,0,1,0,0,False,False,False,False,False,True
1686,1,0,0,0,0,1,0,False,False,True,False,False,False
1687,1,0,1,0,0,1,0,False,False,False,False,True,False
1688,1,0,0,0,1,1,0,False,False,False,False,False,True
1689,0,0,0,1,0,1,0,False,False,False,False,False,True
1690,1,0,0,0,1,1,0,False,False,True,False,False,False
1691,0,1,1,0,0,1,1,False,False,False,False,True,True
1692,1,0,0,1,0,0,1,False,False,True,False,False,False
1693,0,0,0,0,0,1,0,False,False,True,False,False,False
1694,1,0,0,1,1,1,0,False,False,True,False,False,False
1695,0,0,0,0,0,1,0,False,False,False,False,True,True
1696,1,0,0,0,0,1,0,False,False,True,True,False,False
1697,1,0,0,0,0,1,0,False,False,True,False,False,True
1698,0,1,0,0,1,0,0,False,False,True,False,False,False
1699,1,0,0,0,1,0,0,False,True,True,False,False,False
1700,0,0,0,1,0,0,0,False,False,True,False,False,False
1701,1,0,0,0,0,1,0,False,False,False,False,True,False
1702,1,0,1,0,1,1,0,False,False,True,False,False,False
1703,1,0,0,1,0,0,0,False,False,True,False,False,False
1704,0,0,1,0,0,1,0,False,False,True,False,False,False
1705,0,0,0,0,0,1,1,False,False,True,False,False,False
1706,1,0,0,0,0,1,0,False,False,False,False,False,True
1707,0,1,0,0,1,0,0,True,False,True,False,False,False
1708,0,0,0,0,0,0,0,False,False,True,False,False,False
1709,0,0,0,0,0,0,1,False,False,False,False,True,False
1710,1,0,0,0,0,1,0,True,False,False,False,False,False
1711,0,1,0,0,0,0,0,False,False,False,False,False,True
1712,0,0,1,0,0,0,0,False,False,True,False,False,False
1713,1,0,1,0,0,1,0,False,False,False,False,True,False
1714,1,0,0,0,0,1,0,True,False,False,False,False,False
1715,0,1,0,1,0,1,0,False,False,False,False,False,True
1716,0,0,0,1,0,0,0,False,False,True,False,False,False
1717,1,0,1,0,0,0,0,False,False,False,False,False,True
1718,0,0,1,0,0,0,0,False,False,False,False,False,True
1719,0,0,1,0,0,1,1,False,False,False,False,True,False
1720,0,0,0,0,0,1,0,False,False,True,False,False,True
1721,1,0,1,0,1,1,0,False,False,True,False,False,False
1722,1,0,1,0,0,0,1,False,False,False,False,True,True
1723,1,0,0,0,0,0,0,False,False,True,False,False,False
1724,0,1,1,0,0,0,0,False,False,False,False,False,True
1725,1,0,0,0,1,1,0,False,False,False,False,True,False
1726,1,0,0,1,1,0,0,False,False,False,False,True,False
1727,1,0,0,0,0,0,0,False,False,True,False,False,False
1728,1,0,0,0,0,1,1,False,False,False,False,True,True
1729,1,0,1,0,0,0,0,False,False,True,False,False,False
1730,1,0,0,0,1,1,0,False,False,False,False,False,True
1731,0,0,0,0,0,1,0,False,False,False,False,True,True
1732,1,0,1,0,0,0,0,False,False,False,False,False,True
1733,0,1,0,0,1,0,0,False,False,True,False,False,True
1734,0,1,0,0,0,1,0,False,True,False,False,False,False
1735,0,0,1,0,0,0,0,False,True,True,False,False,False
1736,0,0,0,0,1,1,0,False,False,False,False,True,False
1737,0,0,0,0,0,1,0,False,False,False,False,True,True
1738,0,0,0,1,0,0,0,False,False,False,False,False,True
1739,0,1,0,1,0,1,0,False,False,False,False,False,True
1740,1,0,1,0,0,0,1,False,False,True,False,False,False
1741,0,1,0,0,1,0,0,False,False,False,True,False,False
1742,0,0,0,0,0,1,0,False,False,True,False,False,False
1743,1,0,0,0,0,1,1,False,True,False,False,False,False
1744,0,0,0,1,0,0,0,True,False,False,False,False,False
1745,0,0,0,1,0,0,0,False,False,True,False,False,True
1746,1,0,0,1,0,0,0,False,False,True,True,False,False
1747,1,0,0,0,1,0,0,False,False,True,False,False,False
1748,0,1,1,0,1,0,1,True,False,False,False,False,False
1749,0,1,1,0,0,0,0,False,False,False,False,False,True
1750,1,0,1,0,0,0,0,True,False,False,False,False,False
1751,0,0,0,0,1,0,0,False,False,False,False,True,False
1752,1,0,0,0,0,1,0,False,False,True,False,False,False
1753,1,0,0,0,1,1,0,False,False,False,False,False,True
1754,1,0,0,0,1,0,0,False,False,True,False,True,False
1755,1,0,0,0,0,1,0,False,False,False,False,True,True
1756,0,0,0,0,1,1,0,False,False,False,False,True,False
1757,1,0,0,0,0,1,0,False,False,False,False,False,True
1758,1,0,0,1,0,0,0,True,False,False,False,False,False
1759,0,1,0,0,0,1,1,False,False,True,False,False,False
1760,0,0,0,0,0,1,0,False,False,False,False,True,True
1761,0,0,0,1,0,1,0,False,False,True,False,False,False
1762,1,0,0,0,1,1,0,False,False,False,False,True,True
1763,0,1,1,1,0,0,0,False,False,False,False,False,True
1764,1,0,0,0,0,0,0,False,False,True,False,False,False
1765,0,1,0,0,0,0,0,True,False,False,False,False,False
1766,1,0,0,1,0,0,0,False,False,True,False,False,False
1767,0,1,1,0,0,0,0,False,False,False,False,False,True
1768,0,1,0,0,0,0,0,False,False,True,False,False,False
1769,0,0,0,0,1,1,0,False,False,False,True,False,False
1770,0,0,0,0,0,1,0,False,False,False,False,False,True
1771,1,0,0,0,0,0,0,False,False,True,False,False,True
1772,0,0,0,1,0,0,0,False,True,False,False,True,False
1773,1,0,0,0,1,1,0,False,False,False,False,True,True
1774,1,0,0,1,0,0,0,False,False,True,False,False,False
1775,1,0,0,0,1,1,0,False,False,False,False,False,True
1776,1,0,0,0,0,1,0,False,False,True,False,False,False
1777,1,0,0,0,1,0,0,False,False,False,False,False,True
1778,1,0,1,0,0,1,1,False,False,True,False,False,False
1779,1,0,0,0,0,1,1,False,False,True,False,False,False
1780,0,1,0,0,0,1,0,False,False,True,False,False,False
1781,1,0,0,0,1,0,0,False,False,False,False,True,True
1782,0,0,0,0,0,1,0,False,False,True,False,False,False
1783,0,1,0,0,0,1,0,False,False,False,False,False,True
1784,0,1,1,1,0,1,0,False,False,False,False,True,False
1785,1,0,0,0,1,0,0,False,False,True,False,False,False
1786,0,1,0,0,0,0,1,False,False,True,False,False,False
1787,1,0,0,1,1,0,0,False,False,False,False,True,False
1788,1,0,0,0,1,1,0,False,False,False,False,False,True
1789,0,0,0,0,1,1,0,False,False,True,False,False,False
